,country,1965,1966,1967,1968,1969,1970,1971,1972,1973,1974,1975,1976,1977,1978,1979,1980,1981,1982,1983,1984,1985,1986,1987,1988,1989,1990,1991,1992,1993,1994,1995,1996,1997,1998,1999,2000,2001,2002,2003,2004,2005,2006,2007,2008,2009,2010,2011,2012,2013,2014,2015,2016,2017,2018,2019,country_code
0,Canada,920,1011.9999999999999,1106,1194,1306,1473,1582,1829,2113.9999999999995,1993,1734.9999999999998,1598,1607.9999999999998,1597,1835.0000000000002,1764,1610,1589.9999999999998,1661,1775,1812.7952109936516,1805.1174616419273,1908.7699482158016,2002.4185139874126,1961.4562282686823,1967.7356711049626,1983.5053432645052,2065.579059828207,2189.0103027952377,2281.334788803814,2402.1278128998206,2479.917423602477,2587.5902828443927,2672.381339113716,2604.3995949776927,2883.7287141604943,2894.5192072451637,3011.468329421087,3156.5734016637966,3230.0704405132446,3188.008669496485,3359.1208167381487,3433.0562496052407,3341.448209450108,3330.7253368923516,3456.80760891551,3636.7427235567666,3859.8695340004497,4127.940754699227,4418.059567686174,4572.266771531353,4655.47587518106,5037.332017621772,5500.678680628674,5650.772744591613,CAN
1,Mexico,361.99999999999994,369.99999999999994,411,439,460.99999999999994,487,486,506,525.0,653,805.9999999999999,894.0000000000001,1085.0,1327.0000000000002,1607.0,2129,2553,3001.0,2930,2941.9999999999995,2911.9999999999995,2758.0000000000005,2878.9999999999995,2876.9999999999995,2896.9999999999995,2940.7769287680003,3099.6314219180003,3098.273032787,3115.3448994794117,3135.9556193146977,3054.7680859892052,3270.0570220050167,3408.626121400124,3498.555623509807,3351.6903137667396,3455.9456084672133,3568.128042808219,3592.6483270767126,3794.699588835617,3830.180329327869,3765.6208047205478,3689.125730726027,3478.5303843863026,3165.3277124289607,2978.4948015150685,2959.3664798794534,2940.31337989589,2911.0979805136612,2874.7527313972605,2784.200878942466,2586.5408472821923,2455.7994976639343,2224.1501598739733,2068.371142863013,1918.1428249835617,MEX
2,United States of America,9014.148000000001,9579.241,10219.252,10599.742999999999,10827.674,11296.849,11155.778,11184.896,10945.953,10461.205,10007.737,9735.639,9862.562,10274.441,10135.534,10169.626,10180.572999999999,10198.534,10246.668,10508.951000000001,10580.378,10231.142,9943.978000000001,9764.689000000002,9159.077000000001,8914.306999999999,9075.544999999998,8868.125,8582.665,8388.579,8321.639,8294.526999999998,8268.592,8010.832999999999,7731.458,7732.658644808743,7669.60921917808,7624.338273972603,7368.447945205479,7250.243956284152,6900.783643835616,6824.858520547945,6856.691780821918,6783.354060109291,7266.706958904109,7558.367109589041,7882.7275890410965,8926.461540983608,10098.679000000002,11801.448342465754,12780.99701369863,12348.54116939891,13134.853657534246,15359.943712328768,17044.601698630133,USA
3,Argentina,275.6739726027397,292.8641095890411,318.6312328767123,348.1584699453552,361.53205479452055,399.46465753424656,431.53808219178086,444.1158469945355,433.63561643835624,423.38739726027393,406.0909589041096,408.0218579234973,441.7150684931507,466.20493150684933,487.28273972602733,505.7103825136612,518.9254794520548,517.0821917808219,520.172602739726,509.0065573770492,490.7945205479452,465.3676712328767,459.4049315068493,481.2021857923497,492.2865753424658,517.4109589041096,525.6115068493151,586.8710382513661,629.865205479452,695.4920547945204,757.9161643835617,822.7989071038252,877.4301369863014,889.9479452054794,834.5519864366256,848.3776772044624,921.3117023315378,907.6218969759577,912.9225876432623,873.9009748919849,842.4784147685345,848.5186626027801,813.929680783232,802.3307686483029,729.6948540188964,711.8400912340685,667.2363986274495,656.6560847174704,644.3725277504599,637.593411475141,646.3601658817581,609.6309458205636,590.0627510798373,591.3221844846744,620.4096463630398,ARG
4,Brazil,96.05,117.05,147.05,161.04999999999998,176.05,166.68103068071915,174.84500140635296,171.18629060820848,173.98620402430774,181.7622396311067,177.41482630290093,172.3305367349838,166.7199988780471,165.82524730326708,171.64501490970403,187.77819226040964,220.02100913372198,267.91467273669423,339.42411479054755,473.72709732659496,560.9602414720431,591.1207808347707,589.782600199207,573.5153548721111,613.198388098951,650.5360011065889,643.3515668536446,652.6,667.3999999999999,691.6999999999999,714.9000000000001,808.3999999999999,869.4000000000001,1003.1999999999999,1132.3999999999999,1276.2,1339.1000000000001,1497.6999999999998,1557.8,1542.8,1705.5758605061599,1806.1294129223854,1819.7345560513968,1886.6898159975697,2019.4263782470603,2125.0518099737706,2173.046462668752,2131.583647012434,2095.9751053959676,2341.3751614105836,2524.9769179539876,2591.3485704468303,2720.902161365081,2678.8882097593146,2876.5303161868906,BRA
5,Colombia,203,199.0,192,176.00000000000003,214,226,224,203,191.99999999999997,174.99999999999997,164.00000000000003,153.00000000000003,144.0,137,129.0,131,140.00000000000003,147.00000000000003,158,173.00000000000003,183.00000000000003,307.0,388.0,380.0,407.00000000000006,446.00000000000006,429.99999999999994,442.0,458.0,459.99999999999994,591.0,635.0,666.9999999999999,775.0,838.0000000000001,686.9999999999999,603.9999999999999,578.0,541.0000000000001,528.29,526.1618191780822,527.4087260273973,531.0939232876711,587.6582704918034,670.6032356164384,785.8645999999999,915.2647150684932,944.1192267759562,1009.8716958065755,990.3790511333896,1005.5744356164383,885.8984335519126,854.0399496931506,865.4809831504359,885.8298011175398,COL
6,Ecuador,8.000000000000002,7.0,6.000000000000001,5,4.000000000000001,4.000000000000001,4.000000000000001,78,209.00000000000003,177.00000000000003,161.0,188,184.0,204,216.0,206,213,213.0,239.99999999999997,261.00000000000006,286.0,298.0,176.0,309.0,285.99999999999994,292.0,307.0,328.0,352.99999999999994,387.99999999999994,395.0,392.99999999999994,397.0,385.0,383.0,403.0,409.99999999999994,393.99999999999994,420.00000000000006,528.0000000000001,534.0,537.6796174520548,513.0880745205479,506.71857923497265,488.0657534246576,488.0870101369863,500.60800101369864,504.61553559289615,527.353560520548,556.5539028712328,543.0948606027396,548.3918326502734,531.3125729041095,517.2396472958904,531.0029676136987,ECU
7,Peru,66,66.0,74,77,74.99999999999999,74.97260273972603,63.88219178082192,66.60109289617486,72.59178082191781,79.0986301369863,73.03561643835616,77.40710382513662,92.15342465753423,151.8794520547945,192.65010410958905,195.96081967213115,193.9621780821918,196.05989589041098,171.107701369863,185.08169125683062,189.45958630136985,178.53511506849318,164.64424931506852,142.3027213114754,131.4013698630137,129.9032876712329,115.78986301369864,116.56748633879782,127.27917808219179,128.3084931506849,122.76191780821915,120.9704918032787,120.23866027397261,116.47172054794521,106.84967397260274,99.86122950819673,97.78502191780821,94.46694794520548,91.90415342465754,93.32521584699452,112.4360301369863,117.68326301369864,116.53927945205481,122.12508469945355,155.44784109589042,165.21140000000003,158.50658630136988,157.23299453551914,171.32281643835617,175.22546575342466,152.95230958904108,140.7022431693989,136.6361780821918,153.62591217796293,142.49906098825863,PER
8,Trinidad and Tobago,135,153.0,179,190.99999999999997,157,140,129,141,166.0,187.00000000000003,216.0,212,229.00000000000003,230,214.00000000000003,212,189,176.99999999999997,160.00000000000003,170.00000000000003,175.99999999999997,169.0,155.0,151.0,149.00000000000003,150.0,149.0,144.0,134.0,141.0,142.0,141.0,135.0,134.0,141.0,138.2122540983607,134.05419452054792,154.2251287671233,163.5539917808219,152.09471584699455,171.51968219178082,174.2749205479452,155.16766027397261,149.0316256830601,150.31484383561644,145.36759726027398,135.8712876712329,116.95233060109288,115.60273150684931,114.1154191780822,108.74644657534246,96.66091803278688,98.69023390493894,87.31653801449316,82.2212293310117,TTO
9,Venezuela,3503,3402.0,3576,3639,3631,3754,3615,3301.0000000000005,3455.0,3060,2422.0,2370.9999999999995,2314.0,2227,2424.9999999999995,2228,2163,1954.0,1852.0000000000002,1852.9999999999998,1744.0,1886.0,1910.0000000000002,1997.9999999999998,2012.0,2244.0,2501.0000000000005,2499.0,2591.9999999999995,2752.0,2958.9999999999995,3137.0,3321.123,3447.309,3095.06,3111.632762568306,3174.4310418504756,2975.0873521917806,2868.561487123288,3305.899817543589,3302.1076753424654,3339.6854109589044,3237.07061643836,3228.17469945355,3037.8359178082205,2841.57202739726,2755.02108219178,2703.7341912568304,2680.356164383562,2692.4931506849316,2630.863,2347.0,2096.0428,1474.7020885238328,918.2603616177429,VEN
10,Other S. & Cent. America,47.13452054794519,54.41109589041096,78.21424657534249,84.57131147540983,83.80465753424659,63.94671232876713,80.38465753424657,89.23715846994537,89.73890410958904,85.59616438356164,77.88,77.64612021857923,68.01361643835615,65.87232876712329,66.2547397260274,80.05565573770491,87.10419178082194,99.37758904109589,97.91369863013699,94.68762295081966,91.15983561643836,88.82386301369863,85.64846575342466,77.0825956284153,76.18542465753426,77.25465753424658,77.18813698630137,76.02284153005465,82.52950684931506,89.50054794520548,96.40252054794522,101.75590163934427,107.61394520547944,124.93087671232877,123.53161643835617,125.52049180327867,133.6087397260274,149.10705479452056,149.24101369863013,143.4053191324843,143.09826170635398,138.6865109197552,148.46378132550427,143.11874173375108,135.67441847758676,144.33617941111862,144.43111641504314,147.10313284047828,151.7236074749501,154.70351388355445,145.500263570355,134.89982916593186,133.01712629939482,126.78630304951156,117.73603415597022,
11,Denmark,n/a,n/a,n/a,n/a,n/a,n/a,n/a,2.0000000000000004,3.0,2,3.0,4.000000000000001,10.000000000000002,8,8.0,5.999999999999999,15.000000000000002,34.00000000000001,42.99999999999999,47,60.00000000000001,74.0,93.0,95.99999999999999,112.0,121.0,142.0,156.99999999999997,167.99999999999997,185.0,186.0,208.0,230.0,238.0,299.0,363.0,348.00000000000006,371.00000000000006,368.0,389.99999999999994,379.97549780821925,345.53852986301376,311.2730931780822,287.2285459836066,264.7752142191781,249.45960065753422,224.507517260274,204.23533494535522,178.17798887671236,166.84044769863016,157.79915583561643,141.70371928961748,138.24625432876712,115.87670241095891,102.95639084931508,DNK
12,Italy,47.76627397260273,39.07699178082191,36.55973698630137,34.582825136612016,33.86123561643836,31.899301369863014,28.538024657534244,25.47182513661202,23.356471232876714,23.37451506849315,26.88218904109589,28.217043715846998,27.102539726027395,31.397035616438355,36.22589863013699,35.49469398907104,31.04531506849315,36.83852876712329,46.7275397260274,47.2616393442623,49.68517260273972,53.270139726027395,81.80945753424658,100.23185519125683,95.67474520547947,97.00966849315068,90.0265287671233,93.25232513661203,96.3747397260274,101.64715890410957,108.79603287671235,112.9193169398907,123.51423013698633,116.75397260273974,104.16662191780823,94.90613387978142,85.66861095890413,114.76688219178082,115.56920547945207,113.16259562841532,126.78149589041097,119.68302739726028,121.5776202341096,108.33095053442622,94.86296126232875,105.94095080273974,110.09963248630139,111.64945790368851,114.13073137972602,119.58890892410959,113.4675572673507,77.77725481137159,86.042492460274,97.15947688575343,88.74614855205479,ITA
13,Norway,n/a,n/a,n/a,n/a,n/a,n/a,6,33,32.00000000000001,35,189.0,279,287.0,356,407.00000000000006,528,512,532.0,660.9999999999999,751.9999999999999,822.9999999999999,906.9999999999999,1054.0,1196.0,1567.0,1716.0,1955.0000000000002,2217.0,2377.0,2693.0000000000005,2902.9999999999995,3231.9999999999995,3279.9999999999995,3138.0,3139.0,3325.6030160138694,3395.339083102282,3313.7519082917984,3244.5297010742524,3172.9268396796315,2953.9246947879315,2764.3863143353233,2542.6059676655013,2458.1024282625676,2342.6792151618433,2132.6823033336987,2033.0126870921442,1911.12299136716,1832.0402406280527,1880.5309075766895,1940.076408029852,1990.9200673763091,1965.0332052610909,1845.4727776849768,1730.6942088835015,NOR
14,Romania,265.77591780821916,271.00205479452063,278.84126027397264,279.70040983606555,281.0889315068493,283.784301369863,292.34364383561643,298.41879781420766,303.9325205479452,308.0270136986301,311.30657534246575,312.71311475409834,312.541095890411,293.48832876712333,264.66227397260275,250.1191530054645,253.54093150684932,255.55731506849318,252.49158904109586,248.92904371584697,235.62789041095888,223.42671232876714,210.64942465753424,205.44095628415295,201.55953424657534,169.0478904109589,145.91016438356166,141.7580601092896,144.27679452054795,145.3689589041096,144.87197260273976,142.38158469945355,140.7284109589041,136.7621643835616,133.14246575342466,131.74158469945354,130.8926301369863,127.86931506849317,123.86687671232875,119.77710382513659,114.35575342465752,105.24841095890412,99.90471232876712,98.80770491803278,93.80290410958904,89.53994520547946,88.51630136986302,83.07049180327868,85.98282191780822,84.36857534246575,83.49484931506849,79.31,75.84652054794522,74.61769863013699,74.81534246575342,ROU
15,United Kingdom,1.7398356164383564,1.6155616438356164,1.8433972602739723,1.735081967213115,1.792109589041096,3.5191232876712326,4.899945205479452,7.861967213114754,8.825424657534246,9.762410958904109,33.85939726027397,254.43224043715844,798.6334246575343,1127.2792328767123,1623.398794520548,1676.1385792349727,1867.7111232876712,2166.716602739726,2422.0737534246573,2652.127759562841,2695.4223561643835,2690.9876164383563,2612.3218630136985,2413.9010928961743,1943.294136986301,1932.8096438356165,1933.555397260274,1995.892459016393,2134.836712328767,2694.4375890410956,2769.1562739726023,2755.09781420765,2721.4492054794523,2848.726410958904,2949.542356164384,2709.815009836065,2513.5577526027396,2499.754635890411,2291.130509315068,2059.272222404372,1837.7749841095888,1661.6289865753427,1654.6530252054793,1554.3623972677597,1473.8782761643836,1358.159949589041,1113.791569589041,947.2613601092896,865.3436778082194,853.5541109589042,963.5287679452053,1014.8080424644809,1005.4250438054795,1091.7611609972603,1117.522215830946,GBR
16,Other Europe,470.47194520547947,486.6779726027397,506.9918356164384,517.6376775956285,530.0449589041096,528.2369589041097,509.3117260273972,504.31401639344256,509.0549589041096,509.8181643835617,507.51210958904113,494.07292349726777,481.4483561643835,489.83205479452056,508.41093150684924,483.81549180327875,469.9829863013699,492.68726027397264,529.6808767123288,531.3603005464481,701.1488767123288,705.3062739726029,683.9842465753424,662.0808743169398,641.8854520547944,631.9097808219178,636.0604657534248,600.6921857923497,556.0426575342467,558.7398630136987,531.4233698630137,502.62456284152995,481.2187452054795,463.41936438356163,431.9095533150685,419.5172077868853,419.373363479452,433.9897735342465,437.61876284931503,429.3562412568306,408.40052608767115,399.3367082739726,397.3685204715015,377.4555933661061,356.6866588015171,341.64436368130754,336.27189357427056,335.97468276083146,344.2512495259387,339.2065873258342,331.35787527497075,313.2705356971498,302.86666865323383,307.55356496646795,298.031665270566,
17,Azerbaijan,n/a,n/a,n/a,n/a,n/a,n/a,n/a,n/a,n/a,n/a,n/a,n/a,n/a,n/a,n/a,n/a,n/a,n/a,n/a,n/a,273.5178082191781,268.38904109589043,285.67397260273975,279.9781420765027,268.2109589041096,254.33150684931508,239.72057534246576,227.53718579234973,207.40408219178082,193.42175342465754,185.0685205479452,183.2893989071038,182.30657534246578,230.69561643835613,278.7186301369863,281.18497267759557,300.1553424657534,307.0395890410959,307.9339726027397,308.6536885245902,444.91860273972605,646.1666849315069,875.5329315068493,915.831120218579,1026.6706575342466,1036.7168767123285,932.0758082191782,882.3212295081967,888.3813287671233,861.1753561643837,850.847602739726,837.523510928962,792.755095890411,795.659191780822,778.5947854784969,AZE
18,Kazakhstan,n/a,n/a,n/a,n/a,n/a,n/a,n/a,n/a,n/a,n/a,n/a,n/a,n/a,n/a,n/a,n/a,n/a,n/a,n/a,n/a,484.76712328767127,502.79369863013693,523.0638356164383,545.0893442622951,556.3876712328768,570.7446575342466,588.6821917808219,568.8825136612022,507.35616438356163,445.8535890410959,450.4388767123288,493.12330601092896,556.8730684931508,558.4914246575343,655.6265205479452,740.2079234972678,841.4902465753426,992.5779999999999,1080.63777260274,1247.9324106595134,1294.5542530265288,1369.8752460681417,1415.0232936392565,1485.2467924216435,1609.481372599735,1675.710345764963,1684.1450089901957,1664.1310341892636,1736.7022153836908,1709.566794932799,1694.7578857313702,1654.9720762072739,1838.0560611627757,1927.045785453013,1930.9697838068082,KAZ
19,Russia,n/a,n/a,n/a,n/a,n/a,n/a,n/a,n/a,n/a,n/a,n/a,n/a,n/a,n/a,n/a,n/a,n/a,n/a,n/a,n/a,10862.591671232878,11246.881643835617,11416.333424657534,11372.755355191257,11070.06410958904,10342.44312328767,9263.695999999998,7978.186338797815,7118.856273972602,6370.724712328768,6235.776931506849,6061.591967213114,6170.674849315068,6109.998246575343,6118.780054794522,6582.837881147541,7105.859497260273,7754.790855616438,8602.47518750685,9335.081578797815,9597.655158283103,9833.509728783783,10057.140786589716,9964.512396016227,10152.260439387912,10378.619940085853,10533.363502873139,10655.733492474854,10806.839889771443,10860.088092506396,11006.677421815364,11268.790248538497,11254.691436153726,11438.125687909343,11539.572729501093,RUS
20,Turkmenistan,n/a,n/a,n/a,n/a,n/a,n/a,n/a,n/a,n/a,n/a,n/a,n/a,n/a,n/a,n/a,n/a,n/a,n/a,n/a,n/a,142.22465753424657,137.56986301369864,135.43013698630133,120.10109289617486,121.03013698630136,119.52054794520546,113.0958904109589,108.79781420765029,91.59780821917808,86.60876712328768,83.86301369863013,89.65710382513662,108.353698630137,128.63698630136986,142.64438356164388,146.14207650273224,155.90136986301368,165.26027397260273,175.73150684931505,186.0109289617486,197.30958904109588,202.50958904109586,208.34520547945206,215.33879781420768,221.28767123287673,226.48767123287672,234.0876712328767,244.1967213114754,255.6438356164383,263.24383561643833,270.84383561643835,270.28142076502735,271.2,261.04328767123286,264.0019178082192,TKM
21,Russia,4857.759999999999,5302,5762,6167.103825136612,6566,7126.746301369863,7610.459178082193,8064.128415300546,8664.42191780822,9270.405479452054,9915.984383561645,10465.595901639346,11009.914246575343,11530.754246575343,11805.424657534246,12116.414480874319,12260.252876712331,12329.785479452054,12403.434246575343,12296.677049180327,n/a,n/a,n/a,n/a,n/a,n/a,n/a,n/a,n/a,n/a,n/a,n/a,n/a,n/a,n/a,n/a,n/a,n/a,n/a,n/a,n/a,n/a,n/a,n/a,n/a,n/a,n/a,n/a,n/a,n/a,n/a,n/a,n/a,n/a,n/a,RUS
22,Uzbekistan,n/a,n/a,n/a,n/a,n/a,n/a,n/a,n/a,n/a,n/a,n/a,n/a,n/a,n/a,n/a,n/a,n/a,n/a,n/a,n/a,54.608219178082194,60.62191780821918,64.27123287671233,60.35519125683061,66.4849315068493,68.9945205479452,68.73972602739727,79.37158469945355,93.5750684931507,124.28575342465753,172.29342465753422,173.54016393442623,181.507397260274,191.45397260273973,190.87671232876713,158.77049180327867,152.7858904109589,152.99287671232878,150.58232876712327,138.41284153005466,114.78808219178083,113.87260273972603,103.8127501369863,101.83087431693988,95.21013698630136,77.71547506849315,76.57890410958905,67.72868852459015,63.2894267160045,61.307613334335386,59.45624967277911,57.73865535707623,60.900465753424655,64.0145616438356,61.97420547945206,UZB
23,Other CIS,0,0,0,0,0,0,0,0,0,0,0,0,0,0,0,0,0,0,0,0,52.509589041095886,52.30958904109589,51.224657534246575,50.202185792349724,48.85479452054795,47.16493150684931,45.2,43.89972677595628,43.268493150684925,42.392493150684935,41.03849315068493,39.33770491803279,38.71298630136986,38.56104109589041,38.74334246575342,38.62418032786885,38.872,38.751999999999995,38.144,37.83633879781421,37.678,37.492,37.087999999999994,36.63562841530055,36.47,36.199999999999996,35.992,35.27934426229508,35.088,35.03,35.534600000000005,36.20946797814207,36.93155859375,37.87877999999999,38.973866,
24,Iran,1908.0000000000002,2132,2603,2839.9999999999995,3376,3847.659726027397,4572.421917808219,5058.957377049181,5907.375890410959,6060.301369863013,5386.619178082192,5918.191256830602,5713.95890410959,5302.054794520549,3217.5890410958905,1478.9617486338798,1321.0312328767125,2396.924383561644,2453.584657534246,2042.535519125683,2205.2054794520545,2054.2383561643833,2342.4383561643835,2349.4808743169397,2894.34191780822,3270.1780821917814,3499.561643835616,3523.0163934426228,3712.164383561644,3730.027397260274,3743.774246575342,3758.5792349726776,3776.4630136986298,3854.7479452054795,3603.3561643835615,3850.403294114753,3824.449999520548,3616.9205478630142,4083.6065757397255,4215.802732617486,4217.46547939726,4291.00808230137,4355.962602863013,4414.978141972677,4284.864602739726,4420.620479452055,4452.404109589043,3809.756147540983,3609.229863013699,3714.137123287671,3852.759884931507,4578.221010382514,5007.3353424657535,4800.6980821917805,3534.571780821918,IRN
25,Iraq,1313.0000000000002,1392.0000000000002,1227.9999999999998,1503.0000000000002,1521,1549,1694.0000000000002,1466,2018,1977.0383561643835,2270.558904109589,2422.2677595628415,2358.1205479452055,2573.5506849315066,3488.550684931507,2657.51912568306,906.9068493150685,988.1808219178081,1105.7287671232875,1227.983606557377,1425.2920547945207,1899.4186301369864,2391.277260273973,2782.1508196721315,2838.259726027398,2148.9479452054793,285.3561643835617,531.2612021857924,455.27561643835617,505.2756164383561,530.2756164383561,580.2612021857924,1165.8268493150686,2120.826849315068,2609.8268493150686,2613,2522,2116,1344,2029.9999999999998,1832.9999999999998,1999.0000000000002,2143.2117999999996,2428.0000000000005,2445.6286666666665,2468.874333333334,2773.2766666666666,3078.5000000000005,3102.4999999999995,3238.6210045662096,3985.9406666666664,4422.886599999999,4537.896158854167,4631.867513020833,4779.47607421875,IRQ
26,Kuwait,2371.0000000000005,2505,2522,2656,2819.0000000000005,3036,3253.0000000000005,3339,3080,2603.0000000000005,2132,2198.9999999999995,2024,2182,2623,1757,1186.9999999999998,862,1117,1229,1127.0000000000002,1210,1072,1286,1408,963.9999999999999,184.99999999999997,1076.9999999999998,1945,2085.0000000000005,2130,2129,2137,2232.0000000000005,2085,2244.4225683060113,2183.543698630137,2026.551095890411,2371.2638630136985,2520.2198360655743,2669.244630136987,2739.5207671232884,2667.001565557732,2791.1317759562853,2502.3670140547943,2564.2120549863016,2917.645205479454,3172.786939890711,3133.563424657534,3105.854657534247,3069.362556164383,3149.8277426229515,3009.2677808219173,3049.5239589041103,2995.6201005489934,KWT
27,Oman,n/a,n/a,56.99999999999999,241,327,332,294,282,293,290.00000000000006,341,367,340,314,295.00000000000006,285,329.99999999999994,338,390.99999999999994,418.99999999999994,501.99999999999994,564,588,625,651,694.9999999999999,715.9999999999999,748,785,819,868,897.0000000000001,908.9999999999999,905,904.6887671232877,954.796994535519,955.7775342465753,897.3775342465752,819.5090410958906,779.7396174863387,774.2890410958902,737.6501369863015,710.3931506849315,756.75,812.5202739726026,864.5882191780822,884.9202739726028,918.4718579234973,941.9493150684933,943.4789041095889,981.0898630136988,1004.262568306011,970.5695890410958,978.3873972602739,970.938630136986,OMN
28,Qatar,233,290.99999999999994,324,339.99999999999994,356,363,430,481.99999999999994,569.9999999999999,518.0000000000001,437,487,435.00000000000006,484,506,475.5344262295082,421.1095890410959,344.5249315068494,315.59890410958906,353.01639344262287,315.2421917808219,355.0975342465754,314.85643835616435,360.4218579234972,403.44657534246574,433.81369863013697,419.5895890410959,495.3169398907104,460.25095890410967,451.3802739726027,460.8887671232877,567.9989071038251,692.0799999999999,701.4300000000001,723.2700000000001,851.2690841300523,855.79097353245,801.6554637813408,947.3885863703218,1078.561561438105,1147.9465141749,1237.8173809106327,1262.7368453329677,1432.3583333333333,1415.407005479452,1630.2381452054794,1824.3488301369864,1927.899451912568,1990.712871917808,1974.5973452054795,1932.5086143835615,1938.054719125683,1881.669385538619,1900.1139360154643,1882.946435219775,QAT
29,Saudi Arabia,2219.3,2617.8000000000006,2824.9999999999995,3080.900000000001,3262.2,3851.1,4820.9,6070.300000000001,7693.2,8617.7,7216.4,8762.174,9418.905,8554.082,9841.627,10269.499999999998,10256,6961,4951.41,4534.080999999999,3600.955,5208.200000000001,4450.150000000001,5656.147,5635.5,7105.5,8819.8,9091.7,8892.7,8983,8973.537519843312,9086.503024461284,9005.316118884883,9266.786653339414,8523.810351969549,9121.165332499999,8935.030315576923,8206.500315576923,9628.159976346155,10305.911224365384,10838.581395211539,10670.78169919231,10268.753060192308,10664.794411923078,9708.903106538464,9864.826756854585,11079.228786249589,11621.794282987968,11392.926634692663,11518.822724324442,11997.937984443728,12406.047607660894,11892.198261707172,12261.333341747031,11832.319242776586,SAU
30,Syria,n/a,n/a,n/a,20.999999999999996,53.00000000000001,85,106.00000000000001,116.99999999999999,111,129,192.00000000000003,200.99999999999997,183,178.99999999999997,167.00000000000003,158,163.99999999999997,154.99999999999997,161,162,159.441095890411,200.6,230.8821917808219,268.19672131147547,340.64109589041095,406.72931506849324,471.98356164383557,514.3770491803278,566.0816438356164,563.268493150685,596.2816438356165,586.2316939890712,577.2421917808219,576.2383561643836,578.829589041096,573.0000000000001,613,677,652.0000000000001,487,447.99999999999994,421.00000000000006,404.00000000000006,406,401,384.99999999999994,352.8247,171,59.1644,33,27,25,24.609699249267578,24.05190086364746,23.522600173950195,SYR
31,United Arab Emirates,282.2,360,382.1,496.6,627.8,779.6,1059.5000000000002,1202.7,1532.6,1678.6,1663.8,1936.4020000000003,1998.71,1830.5009999999997,1830.6900000000003,1734.8910000000003,1540.2999999999997,1361.8,1293.022,1246.021,1211.1460000000002,1412.55,1471.287,1544.474,1819.0009999999997,1984.628,2274.408,2494.6699999999996,2438.286,2462.533,2444,2501.3000000000006,2521.7,2610.1,2413.8,2598.8979999999992,2540.7219999999998,2366.2599999999998,2722.489,2821.579999999999,2945.4629999999997,3134.5119999999997,3094.2950000000005,3113.094,2794.8122359704353,2936.8238077813385,3300.1340450768403,3424.726199881404,3566.135468886927,3602.900459890288,3897.9724892731297,4037.541149589523,3909.5469319999515,3912.3583611042377,3997.6891344071023,ARE
32,Yemen,n/a,n/a,n/a,n/a,n/a,n/a,n/a,n/a,n/a,n/a,n/a,n/a,n/a,n/a,n/a,n/a,n/a,n/a,n/a,n/a,n/a,10,26,170,178.00000000000003,181.99999999999997,197,183.95846994535518,209.3731506849315,345.5808219178083,351.4706849315068,356.6633879781421,374.9665753424658,380.09150684931507,405.1254794520547,436.50199999999995,452.87206575342464,456.8481808219177,450.5455287671232,423.69273879781434,420.76108082191774,386.58612328767117,340.79640547945206,315.7533726775956,308.0605671232877,306.4592835616438,220.42430000000002,177.8446918032787,197.23013287671233,152.9018493150685,63.31256575342465,42.576510928961746,71.01369863013699,82.66986506849315,97.64931506849315,YEM
33,Other Middle East,60.99616438356164,65.76109589041097,72.97753424657535,77.96939890710384,77.95890410958906,78.5377397260274,76.20080821917809,70.92989071038251,68.74634246575343,67.76201369863016,61.68365753424658,58.72281420765027,58.51910958904109,55.47601369863014,51.397657534246584,55.38289617486339,54.29383561643836,52.21156164383562,50.227232876712335,50.16995901639345,50.21341095890412,50.53787671232877,51.692301369863024,52.66137978142076,52.532219178082194,51.56720547945206,53.354178082191794,54.245983606557374,53.189904109589044,52.11742465753425,52.17815068493151,50.12491803278689,50.12917808219179,49.138972602739734,48.12134246575342,48.12101092896175,47.117424657534244,48.12917808219179,48.09783561643837,48.45393715846995,185.05381369863017,182.21630136986303,193.93337260273972,192.6038743169399,192.14731506849313,192.26849863013697,201.4690136986302,183.84073770491807,208.70961643835616,214.2044821917808,212.9874258859863,214.3944582049317,208.2429698630137,206.89365753424659,214.49540872955333,
34,Algeria,569.9438356164384,733.5931506849315,842.6643835616438,922.4950819672132,969.3315068493152,1053.9268493150682,802.5873972602742,1081.0491803278687,1128.74,1045.98301369863,1025.4975342465755,1144.4056612021857,1224.7908493150685,1252.7296712328769,1282.8773013698626,1134.182393442623,1029.2794520547945,1039.6561643835616,1026.9339726027397,1122.4890710382515,1087.0290547945206,1126.0008082191782,1178.1400684931507,1232.921475409836,1276.3975342465753,1366.5965205479454,1372.6657534246574,1320.565573770492,1321.5794520547943,1317.1372602739725,1309.536712328767,1378.674863387978,1447.519178082192,1452.0068493150684,1397.9398493150688,1549.1312841530057,1534.2477260273974,1653.0146849315067,1826.2814246575342,1920.6624590163935,1989.9317424657534,1979.4994520547948,1992.2731506849316,1950.9804455693989,1774.8567945205482,1689.154,1641.5032054794524,1536.8090710382514,1485.2330410958905,1589.092602739726,1557.6652328767123,1576.997267759563,1540.3256438356166,1510.5147123287672,1486.3665479452056,DZA
35,Angola,13.297397260273973,12.810164383561643,10.901835616438358,15.184426229508198,49.90076712328768,102.8264383561644,116.14413698630139,142.87532786885248,165.963698630137,173.394,158.16797260273972,153.14000000000001,143.36827397260276,131.32956164383563,146.16986301369866,150.3865573770492,145.31720547945207,130.1317808219178,178.44904109589044,203.95721311475413,232.49128767123287,282.71687671232877,355.3957808219178,451.88852459016397,459.66361643835614,474.64602739726024,497.6677808219178,549.7369672131148,503.6769863013699,556.7447671232877,632.854602739726,715.9760655737705,741.0000000000001,730.8493150684932,745.0602739726028,746.0614754098362,742.0150684931507,905.4410958904109,869.5630685,1106.4412076502729,1269.0225753424659,1401.4402849315068,1655.9906047916097,1876.3228850133194,1753.8328767123287,1812.3182327412242,1670.3999368814025,1734.0636514441842,1737.851673972603,1701.3738257534246,1795.6461884931507,1744.8374153005468,1671.3577063013695,1519.2260367123288,1417.2861326027398,AGO
36,Chad,n/a,n/a,n/a,n/a,n/a,n/a,n/a,n/a,n/a,n/a,n/a,n/a,n/a,n/a,n/a,n/a,n/a,n/a,n/a,n/a,n/a,n/a,n/a,n/a,n/a,n/a,n/a,n/a,n/a,n/a,n/a,n/a,n/a,n/a,0,n/a,n/a,n/a,23.561643835616437,167.75956284153008,173.4246575342466,153.15068493150685,143.56164383561645,127.04918032786885,117.8082191780822,121.91780821917806,113.6986301369863,100.81967213114754,90.63539721179771,88.80447873605114,110.61388069107186,116.51713661202184,98.41163835616439,115.50546027397259,126.87781095890408,TCD
37,Republic of Congo ,1.3772054794520547,1.2026301369863015,0.9698630136986303,0.8318032786885248,0.46553424657534254,0.36854794520547945,0.27156164383561643,6.499672131147541,40.55967123287672,47.62027397260273,34.70169863013699,40.622950819672134,31.792109589041097,47.13534246575343,53.575232876712334,61.28262295081967,79.54816438356166,88.31572602739726,104.06630136986303,116.54918032786885,115.16153424657534,115.43309589041098,122.53249315068496,136.14491803278688,154.44098630136986,155.74060273972603,156.22553424657534,167.09573770491804,185.0110684931507,185.47660273972605,179.75441095890412,200.3872131147541,224.73665753424658,263.78334246575344,266.266,265,248,238,217,225,246.77609999999993,278.43399999999997,223.92850000000004,236.73599999999996,276.08790000000005,313.8935,300.56260000000003,279.9701,242.54909999999998,253.17640000000003,234.2085,232.00799999999995,269.73,330.466,339.00000000000006,
38,Egypt,126.01041095890412,121.7115068493151,108.56191780821919,166.38442622950822,239.16301369863012,319.09150684931507,290.84712328767125,207.9562841530055,164.93397260273974,144.97616438356167,228.25041095890413,322.2158469945356,406.54794520547955,490.7416438356165,509.32000000000016,580.120218579235,628.0038356164383,650.7852054794522,711.8057534246576,815.9439890710382,882.0290410958904,806.4717808219178,907.4835616438356,868.7685792349727,878.0221917808219,897.133698630137,895.7208219178084,905.9710382513663,940.6860273972603,921.4268493150686,923.510684931507,893.8256830601093,872.5038356164384,856.7309589041097,827.4523287671234,778.7390163934426,758.4439041095892,751.4211780821919,749.521095890411,701.0573333333334,671.8405479452056,678.6744103013699,698.4374866704946,715.3029678348222,729.9892871790667,724.6610778443114,714.3418109984256,715.2958180209921,709.8149329575365,714.4455315068493,726.2454794520548,691.3872950819673,660.2015068493151,699.2130968871423,685.8930407670455,EGY
39,Equatorial Guinea,n/a,n/a,n/a,n/a,n/a,n/a,n/a,n/a,n/a,n/a,n/a,n/a,n/a,n/a,n/a,n/a,n/a,n/a,n/a,n/a,n/a,n/a,n/a,n/a,n/a,n/a,n/a,2,5.000000000000001,5.000000000000001,6.999999999999999,16.999999999999996,60.00000000000001,83,100,118,194,230.00000000000003,266,351,380.1807,364.2961726027397,373.59771506849313,369.1146256830601,332.05478630136986,306.10959452054794,300.64309589041096,319.7266229508196,282.13652328767125,284.39848493150686,259.73236164383565,223.0771612021858,195.27935890410959,190.34011063373177,180.19218586014745,GNQ
40,Gabon,25.334657534246578,28.979643835616443,68.99438356164384,92.69319672131147,100.67772602739727,108.60857534246577,116.05876712328768,125.8877868852459,152.14813698630138,204.3195068493151,226.60999999999999,226.1706010928962,225.64868493150686,212.29041095890412,196.2284383561644,177.65696721311477,153.24964383561644,156.0534794520548,157.59558904109588,174.36147540983606,172.7563287671233,166.1272602739726,154.79175342465754,177.59704918032787,204.82019178082194,270.22967123287674,294.5629589041096,288.6451366120219,304.8770684931507,337.20128767123293,355.6064657534247,364.50136612021856,364.3784657534247,337.42158904109584,339.96506849315074,276,262.00000000000006,256.00000000000006,273.99999999999994,273,270.3301,241.94009999999997,245.55580000000003,239.5736,241.0003,233.19500000000002,236.28200000000007,221.14800000000005,213.40499999999994,210.905,213.53999999999996,220.65699999999995,210.066,193.447,218,GAB
41,Libya,1220,1508.0000000000002,1733.0000000000002,2598.9999999999995,3107.9999999999995,3357,2750.0000000000005,2247.9999999999995,2211,1558,1514,1972,2108,2023,2139,1862,1253,1176,1151,1022,1025,1064,1003.0000000000001,1051,1164.0000000000002,1423.9999999999998,1439,1473,1402.0000000000002,1431,1439,1451.9999999999998,1491.0000000000002,1480.0000000000002,1424.9999999999998,1474.5902,1427.7246000000002,1374.88047,1485,1622.2551010000002,1744.6869999999997,1872.1458904109593,1908.232876712329,1875.4699453551912,1738.7753712328765,1798.9593328767126,516.0335684931507,1538.5327999999997,1047.8356575342466,517.726,436.64383561643837,411.775956284153,928.9452095890412,1165.2054328767124,1227.4685315217318,LBY
42,Nigeria,274.2,417.6,319.1,141.3,540.3,1083.1,1531.1999999999996,1815.7000000000003,2054.3000000000006,2255,1783.1999999999996,2066.786,2085.099,1896.992,2301.995,2058.0000000000005,1439.6,1287,1235.5,1388,1498.9,1466.6,1353,1391.3490000000002,1776.3,1786.7010000000002,1963.1,2032,2018.2,1933.8770000000002,1948.594,1971.067,1977.741,2023.0459999999998,1894.5000000000002,2174.354450819673,2157.497304109589,1951.1108219178082,2298.7848616438355,2486.5524644808743,2481.9864315068503,2371.120578082192,2206.3121164383565,2172.4074644808743,2210.971890410958,2533.0942630136983,2461.275704109589,2411.571183060109,2278.7038410958903,2276.0087369863013,2201.408745205479,1899.9120382513659,1969.4143917808217,2006.554219178082,2109.067948613413,NGA
43,South Sudan,n/a,n/a,n/a,n/a,n/a,n/a,n/a,n/a,n/a,n/a,n/a,n/a,n/a,n/a,n/a,n/a,n/a,n/a,n/a,n/a,n/a,n/a,n/a,n/a,n/a,n/a,n/a,n/a,n/a,n/a,n/a,n/a,n/a,n/a,0,n/a,n/a,n/a,n/a,n/a,n/a,n/a,n/a,n/a,n/a,n/a,n/a,31.040999999999993,99.72880000000002,155.35159999999996,147.73770141601562,117.12889862060548,122.20050048828124,127.652099609375,138.70959472656253,SSD
44,Sudan,n/a,n/a,n/a,n/a,n/a,n/a,n/a,n/a,n/a,n/a,n/a,n/a,n/a,n/a,n/a,n/a,n/a,n/a,n/a,n/a,n/a,n/a,n/a,n/a,n/a,n/a,n/a,n/a,2,2,2,5,9,12,63,179.1319043715847,209.00812054794525,236.18449041095892,262.13031506849313,291.13726724043715,293.6804144109589,356.16085090410957,483.11566027397265,456.9514590163934,475.21246301369854,462.07089589041095,291.0022712328767,103.1075,117.85339999999998,119.6045,109.06215616438354,103.61358196721312,94.6155496111484,100.04092671945892,102.21779290289211,SDN
45,Tunisia,n/a,16.243808219178085,47.21449315068493,67.04587431693989,78.10090410958905,87.45531506849315,86.57043835616439,83.56046448087432,81.70361643835618,87.20249315068494,97.10468493150685,77.95054644808744,90.67879452054795,104.16263013698631,116.63517808219181,118.22849726775958,113.91734246575344,108.41846575342467,116.55090410958904,115.13989071038253,113.93841095890411,110.60958904109589,105.61652054794521,103.88666666666668,104.70857534246576,101.74953424657534,116.60071232876712,116.62377049180328,105.94761643835618,97.63460273972602,95.22178082191782,94.2425956284153,89.60931506849316,87.52120547945206,90.17835616438357,82.39612021857924,76.1171506849315,79.5545205479452,72.79446575342466,74.82174863387978,78.37254794520548,75.65112328767124,104.20169863013702,95.71885245901639,91.2922191780822,82.89884931506849,76.55745205479452,82.1522131147541,76.24597260273973,71.02038356164384,63.63463013698632,59.716912568306014,48.086,50.1762198352101,50.1762198352101,TUN
46,Other Africa,2.139013698630137,2.139013698630137,2.0559452054794525,1.843224043715847,1.2044931506849317,0.9137534246575342,0.47764383561643836,0.5798907103825137,0.8722191780821918,0.5191780821917809,0.4153424657534247,25.18639344262295,24.20750684931507,30.84430136986301,54.9951506849315,77.54002732240436,119.13243835616437,149.3116438356164,163.01364383561642,205.29314207650276,241.47572602739726,232.71158904109592,218.84679452054795,211.12046448087432,195.84005479452054,189.85227397260272,175.95816438356167,163.12306010928964,166.27238356164384,157.14635616438358,157.1705205479452,171.87046448087432,188.1401095890411,167.5484383561644,150.51243835616438,145.0812568306011,136.242602739726,136.36390136986302,140.25748493150687,172.67150819672128,177.19656856985,227.04393187474295,191.1183157194434,183.72795081967212,181.47737602739727,148.81200547945207,197.9462219178082,195.9979836065574,225.3784712328767,234.0517205479452,272.61738131307624,254.88968511360497,300.197138520967,299.81265968839796,317.2702526960784,
47,Australia,7,9,21.000000000000004,39,45,175.99999999999997,315,337,424,420,451,460.99999999999994,490,490,491,460,449,443,431,562.7667187417798,655.201179582001,588.2174498489583,623.4070788373414,592.6893654963421,562.3556549961128,647.1793832725317,613.0850378603712,605.0290898850967,567.7852490480352,609.9913052082418,578.8428582512114,611.5729567294503,658.2702006809282,630.098802456398,612.4836255779118,805.5982622453024,747.9749908924163,748.8681550536451,654.8500842159901,574.0345097475904,569.8146692847341,531.6472732846964,549.4064243171141,537.7934839390907,507.19485890823097,547.8402912366428,482.5699968130034,478.6289529040431,406.8779762267163,435.8500501575987,384.27798862201536,361.05754596116174,348.1381736548604,355.72729418723554,490.49323336910186,AUS
48,Brunei,79.99999999999999,96.00000000000001,104.00000000000001,122,124,136.00000000000003,129.00000000000003,182.00000000000003,230.99999999999997,198.00000000000003,186.99999999999997,217,226.99999999999997,240,261,240,175,179,179,172,168,165,155,150.00000000000003,150,152.00000000000003,163.99999999999994,182.00000000000003,175,179.00000000000003,175,165,162.99999999999997,157,182.00000000000003,193.00000000000003,202.99999999999997,210,213.99999999999997,210.4441613475034,206.02412536769694,220.74891351974225,194.212346312439,174.79565293072005,168.35633475963274,172.18830614220545,165.36211616552396,159.0315762694818,135.15639732887388,126.42074429135539,126.75415576574768,120.90899242045884,113.17160401046793,111.502722018498,121.293961392434,BRN
49,China,227.12958904109593,292.19589041095895,278.74082191780826,320.23688524590165,436.58684931506855,615.5191780821917,791.4391780821919,914.6478142076502,1076.6063013698629,1302.330136986301,1547.5336986301372,1745.5814207650271,1880.4964383561646,2089.5520547945207,2131.7246575342465,2121.8948087431695,2032.7194520547944,2050.7934246575346,2130.1180821917806,2295.3314207650274,2508.2657534246578,2624.5416438356165,2693.8252054794525,2744.744535519126,2764.112876712329,2777.5679452054796,2831.3882191780826,2844.68087431694,2892.438082191781,2933.606575342466,2992.6482191780824,3174.731147540984,3215.7613698630134,3216.7654794520554,3217.568767123288,3256.8431693989073,3310.147671232877,3351.0350136986303,3405.638493150685,3485.775491803279,3641.963717808219,3710.500221917808,3741.677824657535,3813.9952677595625,3805.374520547945,4076.966082191781,4074.1846986301375,4155.228797814208,4216.442627534247,4245.957726027397,4308.835068493151,3999.15587431694,3845.860219178082,3797.6629589041095,3835.979780821918,CHN
50,India,62.34427397260275,95.86824657534248,116.91098630136987,120.4182786885246,138.69641095890412,140.47060273972605,148.22753424657535,151.6904098360656,148.49572602739727,154.51972602739727,170.87942465753423,178.1482786885246,210.11794520547946,232.52227397260276,264.87032876712334,193.37286885245902,309.4938356164384,411.7869041095891,525.417095890411,582.959262295082,626.8849315068493,657.5512602739726,639.0587945205478,672.0956284153006,719.2067123287673,714.5419999999999,676.9575616438357,615.0557923497269,590.3080547945206,683.6627397260274,773.8625753424658,736.1059289617486,753.6928767123287,736.8262465753425,736.2368219178082,725.5675409836066,729.6634520547946,753.2513972602741,761.240493150685,777.0219398907104,755.1152054794522,777.6609315068495,785.7130410958906,818.1031420765028,837.6767589041098,901.3852224657536,936.7919654794521,925.7088922404372,925.8920200273973,905.3907222174735,893.4558421050568,873.9200507639384,884.659990224076,869.3321525675226,826.4178293818576,IND
51,Indonesia,486.00000000000006,474.00000000000006,510,599,641.9999999999999,854.0000000000001,892,1080.9999999999998,1338,1374.9999999999998,1306.0000000000002,1504,1685,1635,1590,1576.9999999999998,1602,1337,1419,1504.9999999999998,1342,1429,1420,1372.9999999999998,1481,1538.9999999999998,1669,1579,1588,1589,1578,1580,1557,1519.9999999999998,1408,1455.57301420765,1387.0397106849314,1289.4565243835618,1175.5510876712328,1129.7094633879778,1095.6871232876713,1017.7585671561644,971.7537349041097,1005.638499453552,994.2706400000001,1003.0175857534247,952.2847326136986,917.0100330491805,882.9763982904108,847.0375074410958,837.6465560939178,875.7518683551914,837.9715783134961,808.4833933307262,781.3789470918744,IDN
52,Malaysia,1,1,1,4,9,18,69,93,91,81,97.99999999999999,167,183,216,281.99999999999994,275.99999999999994,259,304,385.00000000000006,446,445,500.00000000000006,494,540,589,622.0000000000001,648,656.9999999999999,645,657,704.0000000000001,716,714,725,691,723.6123629646733,703.7699952804285,741.3634144288279,760.7773253981211,776.9517063033942,741.5418125647457,696.7960389320114,725.4702699891658,727.170165923663,688.0246174980334,732.6525415930779,659.3441566630553,662.626224881445,627.0161685272859,648.8243877053682,696.3237971890352,726.0905128678755,718.0870581385062,707.1756729754734,650.514544066275,MYS
53,Thailand,n/a,n/a,n/a,n/a,n/a,n/a,n/a,n/a,n/a,n/a,n/a,n/a,n/a,n/a,n/a,n/a,1.6,5.8999999999999995,13.300000000000002,23.799999999999997,48.50000000000001,48.44716493150685,44.77598027397261,50.967261202185796,48.906993972602734,59.77543671232877,70.98710465753425,83.5634655737705,86.8606301369863,86.23362739726028,84.79402465753425,95.95865136612022,109.4329912328767,113.45464383561644,122.80241369863012,185.78139207650275,205.598588630137,221.56253438356165,254.72778794520548,251.17564262295082,309.56703178082194,336.04024,353.74891068493156,370.8114087431694,385.2718416438356,393.3661780821918,429.0055873972603,470.7641355191257,465.57821589041095,463.8961764383561,480.6661030136986,488.5437639344263,486.3391539726028,477.58467506849314,477.0733978082192,THA
54,Vietnam,n/a,n/a,n/a,n/a,n/a,n/a,n/a,n/a,n/a,n/a,n/a,n/a,n/a,n/a,n/a,n/a,n/a,n/a,n/a,n/a,n/a,n/a,5.676712328767125,13.95081967213115,30.208219178082192,54.73972602739727,80.28493150684932,111.00000000000001,127.72602739726027,143.94520547945208,154.48767123287672,177.9841530054645,204.56438356164384,253.42465753424656,308.50904109589044,337.52622950819676,349.6619178082192,352.9715068493151,370.13150684931503,416.9076502732241,387.21260273972604,351.5671232876713,331.6920547945206,309.57814207650273,339.88164383561644,312.0843835616439,315.7657534246576,346.71756830601095,346.46868493150686,325.0460273972602,351.5654794520548,317.36092896174864,284.3716438356164,256.6682191780822,236.44493150684934,VNM
55,Other Asia Pacific,35.11397260273972,34.08547945205479,31.085479452054795,35.113661202185796,36.42739726027397,39.505315068493154,42.41753424657534,44.29967213114754,47.05602739726027,47.37996017151369,47.6365587195708,62.146371529123485,72.56198103857925,72.41582364454128,92.68132769279171,77.52241504319363,78.4422326703062,85.53130666511225,90.85126767313048,103.94801339715085,123.87183317116843,127.07855952452346,121.20970351150655,125.49589674273753,134.80233126339505,145.1639278000677,148.917535522066,205.02265211651985,276.7662567409029,259.3059846368044,229.46330110565145,244.5282240730519,226.582464986246,217.38806688825645,219.86065127111175,199.73091571688235,196.0633242401102,200.03801607099462,195.25540254067545,237.18711171984245,287.5040068448573,306.4856536070387,320.9011165424016,341.6990495469134,331.40685704246823,318.0376115027744,302.3166262320983,291.3353515320564,274.4438533814409,296.4293662451304,297.7762105900881,280.65174072082976,273.0204501613821,233.33845599941486,230.23937607219352,
