API,Country,1980,1981,1982,1983,1984,1985,1986,1987,1988,1989,1990,1991,1992,1993,1994,1995,1996,1997,1998,1999,2000,2001,2002,2003,2004,2005,2006,2007,2008,2009,2010,2011,2012,2013,2014,2015,2016,2017,2018,2019
INTL.4701-34-WORL-BDOLPPP.A,    World,27777.28231,28391.60524,28542.51657,29395.85241,30899.10638,32081.39684,33219.02977,34581.38463,42445.35148,44446.20267,49842.13229,50779.86253,51686.29607,52854.69628,54464.94642,56242.17497,58471.65933,60834.86349,62323.97514,64468.00071,67585.69775,69217.16168,71196.69249,73840.05604,77671.35531,81400.23763,85771.90603,90432.53029,93192.45402,92749.5991,97679.59964,101769.9429,105132.6062,108690.5105,112477.7057,116259.4577,120161.6218,124730.6106,129161.2937,132757.8379
INTL.4701-34-AFG-BDOLPPP.A,        Afghanistan,NA,NA,NA,NA,NA,NA,NA,NA,30.246,28.111,27.2333,24.2565,24.6481,18.4947,14.3776,21.557,20.4208,19.371,18.4918,17.5943,16.6261,15.6824,25.8756,28.0047,28.6606,31.4985,34.3841,43.7508,40.849,47.8852,49.4348,53.7262,59.5984,63.4579,65.4025,64.231,66.5171,71.2666,70.0812,71.7695
INTL.4701-34-ALB-BDOLPPP.A,        Albania,NA,NA,NA,NA,NA,NA,NA,NA,15.1912,16.6855,15.0878,10.8629,10.0808,11.0486,11.9656,13.557,14.791,13.1879,14.376,16.3169,17.3979,18.7793,19.5739,20.6975,21.8717,23.1314,24.3876,25.8278,27.7742,28.7059,29.77,30.5277,30.9604,31.2707,31.8255,32.545,33.6208,34.8927,36.3071,37.111
INTL.4701-34-DZA-BDOLPPP.A,        Algeria,NA,NA,NA,NA,NA,NA,NA,NA,269.055,280.894,283.141,279.743,284.778,278.798,276.289,286.788,298.546,301.83,317.224,327.375,339.815,350.009,369.61,396.222,413.259,437.642,445.082,460.214,471.26,478.8,496.037,510.422,527.776,542.554,563.171,584.008,602.696,610.531,619.079,624.032
INTL.4701-34-ASM-BDOLPPP.A,        American Samoa,NA,NA,NA,NA,NA,NA,NA,NA,NA,NA,NA,NA,NA,NA,NA,NA,NA,NA,NA,NA,NA,NA,NA,NA,NA,NA,NA,NA,NA,NA,NA,NA,NA,NA,NA,NA,NA,NA,NA,NA
INTL.4701-34-AGO-BDOLPPP.A,        Angola,NA,NA,NA,NA,NA,NA,NA,NA,62.3323,62.3583,60.2069,60.8037,57.2538,43.5224,44.1053,50.7211,57.591,61.7803,64.6785,66.0895,68.1083,70.9729,80.6718,83.0838,92.1839,106.038,118.283,134.854,149.913,151.2,158.547,164.052,178.065,186.888,195.901,197.749,192.647,192.363,188.259,186.641
INTL.4701-34-ATA-BDOLPPP.A,        Antarctica,NA,NA,NA,NA,NA,NA,NA,NA,NA,NA,NA,NA,NA,NA,NA,NA,NA,NA,NA,NA,NA,NA,NA,NA,NA,NA,NA,NA,NA,NA,NA,NA,NA,NA,NA,NA,NA,NA,NA,NA
INTL.4701-34-ATG-BDOLPPP.A,        Antigua and Barbuda,NA,NA,NA,NA,NA,NA,NA,NA,1.07457,1.13101,1.16507,1.19043,1.20422,1.26781,1.35245,1.29349,1.37892,1.45437,1.52318,1.57965,1.67764,1.60134,1.6178,1.7161,1.81507,1.93258,2.17817,2.38108,2.38073,2.09593,1.9316,1.89377,1.95764,1.94588,2.01974,2.097,2.21229,2.28188,2.45049,2.5614
INTL.4701-34-ARG-BDOLPPP.A,        Argentina,462.232,438.063,424.228,441.673,450.502,419.19,449.111,460.747,452.019,420.664,412.9659,456.6502,500.518,524.411,555.016,539.225,569.025,615.178,638.864,617.237,612.366,585.369,521.595,567.688,594.247,646.847,698.9,761.854,792.764,745.845,821.364,870.678,861.742,882.469,860.296,883.792,865.407,889.799,866.971,848.869
INTL.4701-34-ARM-BDOLPPP.A,        Armenia,--,--,--,--,--,--,--,--,--,--,--,--,7.15856,6.52783,6.87558,7.34939,7.78301,8.04148,8.63174,8.91273,9.43818,10.3402,11.8964,13.5668,14.9869,17.0649,19.3172,21.9731,23.4997,20.1745,20.6214,21.5805,23.1268,23.89,24.75,25.542,25.5931,27.5126,28.9432,31.1429
INTL.4701-34-ABW-BDOLPPP.A,        Aruba,--,--,--,--,--,--,NA,NA,1.46994,1.64824,1.71353,1.84998,1.9588,2.10195,2.27439,2.3314,2.36043,2.54488,2.71454,2.74588,2.86983,2.7847,2.69313,2.74704,2.96441,3.00035,3.03202,3.09363,3.09791,2.74704,2.65462,2.74875,2.7111,2.82492,2.84888,2.83604,2.83005,2.86771,2.90442,2.93623
INTL.4701-34-AUS-BDOLPPP.A,        Australia,386.9656,402.9522,403.7614,401.1198,427.929,449.499,459.014,481.903,501.841,525.05,532.934,527.604,541.114,562.22,589.76,606.505,631.687,660.605,691.671,722.51,744.381,763.821,795.415,817.558,851.216,876.992,900.731,940.611,965.696,983.852,1007.073,1035.697,1075.056,1097.924,1126.27,1152.245,1184.162,1213.121,1246.689,1269.64
INTL.4701-34-AUT-BDOLPPP.A,        Austria,202.6058,202.3342,206.2005,211.8558,212.657,217.4422,222.5926,226.235,236.3109,246.1068,256.4359,264.9504,270.131,272.3136,278.9614,287.0135,293.4359,300.0044,310.6521,321.164,333.2911,337.0656,342.237,345.5833,354.2466,362.861,376.2668,389.7698,394.3383,380.3268,387.2619,399.0923,401.502,401.3217,404.421,408.365,416.992,427.933,437.73,444.223
INTL.4701-34-AZE-BDOLPPP.A,        Azerbaijan,--,--,--,--,--,--,--,--,--,--,--,--,51.581,39.6656,31.8693,28.1088,28.4742,30.1257,33.1382,35.5905,39.541,43.4556,47.5117,52.3414,57.1944,72.8963,98.0729,122.988,135.917,148.355,155.806,153.755,157.19,166.294,171.028,173.309,168.057,168.342,170.82,175.108
INTL.4701-34-BHR-BDOLPPP.A,        Bahrain,NA,NA,NA,NA,NA,NA,NA,NA,17.8074,17.8458,18.6601,20.7288,22.139,25.013,24.9473,25.8787,26.9385,27.7964,29.1406,30.3793,31.9957,32.7927,33.8908,36.0247,38.5396,41.1483,43.8094,47.4429,50.4042,51.6847,53.9262,54.9958,57.0462,60.1363,62.7524,64.312,66.6003,69.4581,70.694,71.9769
INTL.4701-34-BGD-BDOLPPP.A,        Bangladesh,NA,NA,NA,NA,NA,NA,NA,NA,144.81,148.525,158.404,163.691,171.942,179.798,187.152,196.366,205.446,214.67,225.783,236.328,248.838,261.472,271.494,284.362,299.261,318.821,340.092,364.098,385.994,405.468,428.059,455.731,485.451,514.644,545.837,581.604,622.977,668.355,720.913,779.687
INTL.4701-34-BRB-BDOLPPP.A,        Barbados,NA,NA,NA,NA,NA,NA,NA,NA,4.16667,4.31672,4.17427,4.01092,3.73077,3.77636,3.91928,3.99858,4.15717,4.35423,4.5171,4.53182,4.73362,4.62156,4.65812,4.75926,4.82621,5.01757,5.302,5.39554,5.45494,5.06477,4.94746,4.9146,4.90247,4.8312,4.83193,4.95,5.07979,5.11216,5.09149,5.08461
INTL.4701-34-BLR-BDOLPPP.A,        Belarus,--,--,--,--,--,--,--,--,--,--,--,--,9.15896,8.49664,66.0711,59.1917,60.8498,67.7863,73.4811,75.9798,80.3867,84.1851,88.4324,94.6609,105.499,115.459,127.003,137.985,152.127,152.375,164.213,173.667,176.667,178.373,181.204,174.29,169.886,174.069,179.633,181.769
INTL.4701-34-BEL-BDOLPPP.A,        Belgium,258.0742,258.4517,259.952,260.9848,266.4712,271.3938,276.4236,282.9839,295.904,306.6098,316.0838,321.7754,326.0601,323.8017,334.4601,344.6383,349.1782,362.4247,369.5385,382.6271,396.8776,401.214,408.061,412.296,427.016,436.952,448.108,464.563,466.633,457.215,470.312,478.279,481.816,484.029,491.668,501.663,509.079,518.771,526.488,533.884
INTL.4701-34-BLZ-BDOLPPP.A,        Belize,NA,NA,NA,NA,NA,NA,NA,NA,0.801851,0.925927,1.02888,1.14728,1.28545,1.36599,1.36909,1.37808,1.3976,1.44764,1.50155,1.63346,1.84613,1.93266,2.02407,2.213,2.31895,2.36421,2.47814,2.49079,2.57766,2.58331,2.66086,2.712,2.77746,2.81362,2.91591,2.999,3.00155,3.05769,3.12125,3.1298
INTL.4701-34-BEN-BDOLPPP.A,        Benin,NA,NA,NA,NA,NA,NA,NA,NA,7.28481,7.07688,7.71212,8.03801,8.27576,8.75875,8.93571,9.47589,9.88565,10.4526,10.8666,11.447,12.1178,12.7637,13.3566,13.8166,14.4286,14.6755,15.2548,16.168,16.9586,17.3536,17.7198,18.2448,19.1236,20.4985,21.8005,22.2574,23.1399,24.4908,26.1704,27.8819
INTL.4701-34-BMU-BDOLPPP.A,        Bermuda,NA,NA,NA,NA,NA,NA,NA,NA,4.35873,4.36418,4.2487,4.25981,4.1437,4.24409,4.31116,4.5438,4.71985,4.93723,5.13027,5.30417,5.46243,5.85689,5.77033,5.96714,6.10784,6.21011,6.49615,6.71183,6.78828,6.38461,6.22371,5.93707,5.69167,5.57306,5.55152,5.57577,5.56964,5.7095,5.68606,5.82226
INTL.4701-34-BTN-BDOLPPP.A,        Bhutan,0.464889,0.529544,0.547622,0.609562,0.636883,0.663708,0.741564,0.954365,1.00196,1.07644,1.19351,1.18865,1.24333,1.26803,1.33082,1.42496,1.50426,1.5851,1.67884,1.81288,1.93857,2.10042,2.3313,2.51368,2.66473,2.85891,3.05903,3.62069,3.79446,4.05053,4.5344,4.89636,5.14698,5.25609,5.55971,5.929,6.41085,6.70907,6.9122,7.15963
INTL.4701-34-BOL-BDOLPPP.A,        Bolivia,NA,NA,NA,NA,NA,NA,NA,NA,24.9788,25.9255,27.1273,28.556,29.0262,30.2654,31.678,33.16,34.6062,36.3206,38.1473,38.3102,39.2709,39.9322,40.9247,42.0343,43.7885,45.7246,47.918,50.1052,53.1859,54.9714,57.2399,60.2187,63.3032,67.6054,71.297,74.76,77.9477,81.2178,84.6481,86.5245
INTL.4701-34-BIH-BDOLPPP.A,        Bosnia and Herzegovina,--,--,--,--,--,--,--,--,--,--,--,--,7.09877,6.94392,7.71692,9.32203,14.3745,19.6415,22.9052,25.1957,26.5815,27.2194,28.6076,29.7233,31.5959,32.8281,34.7978,36.9553,39.0617,37.707,37.5813,38.2468,38.315,39.0422,39.2967,40.922,42.2948,43.5704,45.0045,46.1897
INTL.4701-34-BWA-BDOLPPP.A,        Botswana,NA,NA,NA,NA,NA,NA,NA,NA,9.62962,10.8872,11.6246,12.4916,12.856,13.1023,13.5777,14.4502,15.2383,16.4,16.4681,18.0449,18.2904,18.2922,19.4331,20.918,21.483,22.4654,24.3636,26.3742,28.0152,25.8632,28.0771,29.7747,31.101,34.6313,36.0632,35.444,36.9649,38.0334,39.7315,40.915
INTL.4701-34-BRA-BDOLPPP.A,        Brazil,1399.532,1338.119,1345.898,1300.088,1369.892,1478.633,1602.958,1656.32,1652.17,1705.593,1643.328,1660.48,1651.26,1732.337,1833.479,1911.069,1947.495,2019.958,2027.051,2036.684,2124.127,2156.094,2221.233,2247.06,2368.848,2454.991,2552.212,2703.939,2833.008,2837.632,3052.084,3177.44,3228.437,3331.797,3349.229,3230.752,3117.758,3168.316,3206.365,3242.657
INTL.4701-34-VGB-BDOLPPP.A,        British Virgin Islands,NA,NA,NA,NA,NA,NA,NA,NA,0.188978,0.205301,0.258426,0.317599,0.394952,0.516377,0.643964,0.796257,0.858433,0.948689,1.04697,1.14725,1.24535,1.3028,1.25916,1.10098,1.14213,1.30586,1.29036,1.27854,1.26052,1.24496,1.24379,1.20823,1.19967,1.24156,1.26259,1.27208,1.36242,1.39555,1.43841,1.48834
INTL.4701-34-BRN-BDOLPPP.A,        Brunei,NA,NA,NA,NA,NA,NA,NA,NA,22.634,23.1336,23.3856,24.1213,25.2692,25.3461,26.1434,27.3143,28.1004,27.6864,27.5313,28.3718,29.1812,29.9822,31.1431,32.0473,32.2089,32.3338,33.7556,33.807,33.1526,32.5671,33.4135,34.6646,34.9812,34.2379,33.3792,33.244,32.4243,32.8552,32.8723,34.1442
INTL.4701-34-BGR-BDOLPPP.A,        Bulgaria,67.3467,70.5444,72.1882,74.6692,77.1997,79.27991,82.639,87.69541,97.1792,93.8451,85.2577,78.07091,72.4425,71.4236,72.7455,90.3706,96.4209,82.47559,86.1174,79.0258,82.4722,85.6718,90.6606,95.3491,101.5913,108.7457,116.0875,124.0586,131.4463,126.7929,127.4533,130.6293,130.9307,131.1957,133.8655,139.1447,144.4637,149.523,154.3105,159.5374
INTL.4701-34-BFA-BDOLPPP.A,        Burkina Faso,NA,NA,NA,NA,NA,NA,NA,NA,8.8877,9.07919,9.0239,9.84272,9.86516,10.2073,10.3411,10.9324,12.1365,12.9032,13.8461,14.7103,14.9883,15.9795,16.6753,17.9762,18.7813,20.4082,21.6843,22.5757,23.885,24.5928,26.67,28.4359,30.2709,32.0244,33.4102,34.72,36.7887,39.0535,41.7166,44.2152
INTL.4701-34-MMR-BDOLPPP.A,        Burma,NA,NA,NA,NA,NA,NA,NA,NA,28.0144,29.0496,29.8679,29.6735,32.5403,34.5055,37.0858,39.6626,42.2179,44.6039,46.8134,51.9372,59.0764,65.7781,73.6883,83.8897,95.269,108.196,122.344,137.014,151.066,167.003,183.966,194.253,208.497,226.065,244.129,261.201,276.514,295.202,313.505,331.358
INTL.4701-34-BDI-BDOLPPP.A,        Burundi,NA,NA,NA,NA,NA,NA,NA,NA,5.06714,5.13578,5.31947,5.64788,5.72934,5.33872,5.16347,4.74809,4.35908,4.37314,4.5882,4.63881,4.72499,4.79312,4.91489,5.03211,5.21845,5.44875,5.74521,5.94614,6.2314,6.47001,6.80113,7.07306,7.38716,7.83139,8.18359,7.856,7.77508,7.77438,7.78804,7.81931
INTL.4701-34-CPV-BDOLPPP.A,        Cabo Verde,NA,NA,NA,NA,NA,NA,NA,NA,0.917841,0.970148,0.976824,0.990565,1.02071,1.09536,1.17125,1.25897,1.34328,1.44589,1.56754,1.75348,1.88088,1.99631,2.10177,2.2002,2.29437,2.44398,2.69184,2.92466,3.11916,3.07954,3.12471,3.24872,3.28387,3.31023,3.33046,3.364,3.5223,3.6527,3.83817,4.04925
INTL.4701-34-KHM-BDOLPPP.A,        Cambodia,NA,NA,NA,NA,NA,NA,NA,NA,9.16215,9.13844,9.24447,9.94581,10.645,11.0805,11.931,12.6375,13.2189,13.9618,14.6611,16.4072,17.8457,19.2998,20.5696,22.3192,24.6272,27.8903,30.8943,34.0494,36.3279,36.3594,38.5275,41.2512,44.2681,47.5563,50.9192,54.502,58.2531,62.4261,67.1068,71.4927
INTL.4701-34-CMR-BDOLPPP.A,        Cameroon,NA,NA,NA,NA,NA,NA,NA,NA,40.9664,40.2211,37.7654,36.327,35.2009,32.4087,33.0971,34.2455,35.7389,37.6085,39.3018,40.9886,42.4458,44.2992,46.1766,48.2851,51.5595,52.601,54.42,57.0881,59.0799,60.3787,62.445,65.0236,67.9774,71.6515,75.8674,80.155,83.7185,86.8579,90.0868,93.4912
INTL.4701-34-CAN-BDOLPPP.A,        Canada,714.602,739.428,715.86,734.482,777.878,814.731,832.206,866.102,904.297,925.25,926.774,907.441,915.608,939.972,982.22,1008.68,1025.012,1068.882,1110.528,1167.865,1228.331,1250.318,1288.053,1311.259,1351.737,1395.049,1431.798,1461.463,1476.139,1432.949,1477.226,1523.702,1550.533,1586.646,1632.183,1642.944,1659.395,1712.01,1746.483,1775.406
INTL.4701-34-CYM-BDOLPPP.A,        Cayman Islands,NA,NA,NA,NA,NA,NA,NA,NA,1.23595,1.3452,1.52274,1.54323,1.59069,1.66682,1.75525,1.83958,1.93143,2.03761,2.65456,2.74441,2.77128,2.78671,2.83478,2.89148,2.91744,3.10693,3.24987,3.2769,3.34067,3.10013,3.01594,3.0512,3.08872,3.12823,3.21127,3.30225,3.4045,3.50798,3.62288,3.706
INTL.4701-34-CAF-BDOLPPP.A,        Central African Republic,NA,NA,NA,NA,NA,NA,NA,NA,NA,NA,3.37763,3.41748,3.372,3.36025,3.53419,3.71631,3.4358,3.64609,3.81209,4.03845,4.11607,4.14202,4.11675,3.82645,3.93237,4.02603,4.21743,4.38744,4.50209,4.58793,4.75145,4.8484,4.98893,3.158,3.19084,3.344,3.49552,3.64684,3.80514,3.97437
INTL.4701-34-TCD-BDOLPPP.A,        Chad,NA,NA,NA,NA,NA,NA,NA,NA,6.92371,7.05886,7.28488,8.04266,8.23504,8.06425,8.50729,8.44136,8.6199,9.10718,9.74031,9.67379,9.58866,10.7065,11.6156,13.3256,17.8069,19.2869,19.4118,20.047,20.661,21.5162,24.442,24.4713,26.6265,28.1583,30.0992,30.632,28.6621,27.7612,28.6188,29.3056
INTL.4701-34-CHL-BDOLPPP.A,        Chile,84.9816,88.983,79.7713,76.78309,82.9301,88.82991,93.79909,99.8646,107.136,118.7246,123.2261,132.8751,148.8776,159.1751,168.2221,186.2763,198.2575,212.8392,222.3322,221.1828,232.9846,240.6974,248.1649,258.3499,276.9008,292.9441,311.4606,326.7682,338.1746,332.9068,352.5176,373.7819,394.1755,410.265,417.318,426.735,433.69,439.799,457.354,462.028
INTL.4701-34-CHN-BDOLPPP.A,        China,753.463,791.889,863.16,956.382,1101.751,1249.386,1360.581,1519.768,1689.983,1760.962,1829.641,1999.798,2285.312,2602.507,2941.589,3264.258,3588.114,3919.929,4227.863,4552.601,4938.31,5349.16,5836.71,6421.65,7071.17,7876.51,8877.62,10142.4,11115.39,12165.16,13456.06,14741.28,15898.14,17133.53,18399.92,19691.32,21040.15,22501.85,24020.67,25488.37
INTL.4701-34-COL-BDOLPPP.A,        Colombia,NA,NA,NA,NA,NA,NA,NA,NA,254.74,264.458,275.402,282.913,294.829,311.658,325.184,342.102,349.135,361.111,363.169,347.901,358.847,364.868,374.005,388.659,409.386,427.592,456.313,487.06,503.052,508.785,531.654,568.592,590.84,621.173,649.12,668.307,682.257,691.532,708.925,732.038
INTL.4701-34-COM-BDOLPPP.A,        Comoros,NA,NA,NA,NA,NA,NA,NA,NA,1.11522,1.07975,1.13473,1.0735,1.16508,1.2001,1.13678,1.17782,1.1626,1.20946,1.22497,1.24854,1.38398,1.41627,1.4492,1.47969,1.50809,1.55088,1.59194,1.60467,1.66886,1.72226,1.78771,1.861,1.92056,2.00698,2.04913,2.072,2.1408,2.22249,2.29874,2.32191
INTL.4701-34-COG-BDOLPPP.A,        Congo-Brazzaville,NA,NA,NA,NA,NA,NA,NA,NA,14.0064,14.2536,14.3966,14.7415,15.1265,14.9783,14.1556,14.7197,15.6606,15.2789,15.8287,15.4169,16.5845,17.2163,18.0052,18.1507,18.7987,20.2363,22.8765,21.3634,22.7107,25.5869,29.416,29.7568,32.6124,31.7889,34.878,30.283,29.4351,28.5226,28.8151,28.5529
INTL.4701-34-COD-BDOLPPP.A,        Congo-Kinshasa,NA,NA,NA,NA,NA,NA,NA,NA,55.5374,54.8343,51.2326,46.9183,41.9919,36.336,34.9189,35.1633,34.8035,32.8486,32.3151,30.9352,28.7973,28.1925,29.0235,30.6424,32.7072,34.7138,36.561,38.8495,41.2682,42.4464,45.4635,48.589,52.0324,56.4458,61.7914,66.065,67.6501,70.1714,74.2119,77.4178
INTL.4701-34-COK-BDOLPPP.A,        Cook Islands,NA,NA,NA,NA,NA,NA,NA,NA,NA,NA,NA,NA,NA,NA,NA,NA,NA,NA,NA,NA,NA,NA,NA,NA,NA,NA,NA,NA,NA,NA,NA,NA,NA,NA,NA,NA,NA,NA,NA,NA
INTL.4701-34-CRI-BDOLPPP.A,        Costa Rica,NA,NA,NA,NA,NA,NA,NA,NA,23.5216,24.7473,25.6079,26.3672,28.7921,30.8327,32.2163,33.5441,33.9593,35.8491,38.3448,39.8569,41.3847,42.8292,44.239,46.1216,48.1217,49.9844,53.6022,57.9803,60.6762,60.0873,63.0628,65.7789,68.9343,70.4984,72.9767,75.627,78.8381,81.8814,84.0598,85.8115
INTL.4701-34-HRV-BDOLPPP.A,        Croatia,--,--,--,--,--,--,--,--,--,--,--,--,59.1203,54.3907,57.5997,62.0916,65.7354,70.1762,71.6222,71.1054,73.4345,75.8878,79.7214,84.1894,87.677,91.4057,95.9758,100.9835,102.7074,95.15959,93.7543,93.5018,91.47859,90.9858,90.87691,93.0518,96.317,99.3559,102.0285,105.0491
INTL.4701-34-CUB-BDOLPPP.A,        Cuba,NA,NA,NA,NA,NA,NA,NA,NA,88.3725,88.9735,86.3501,77.1169,68.1863,58.0414,58.4575,59.894,64.5889,66.3814,66.4887,70.6048,74.7815,77.1633,78.2632,81.2321,85.9193,95.5421,107.072,114.846,119.575,121.31,124.21,127.691,131.541,135.155,136.571,142.632,143.365,145.958,149.24,149.884
INTL.4701-34-CYP-BDOLPPP.A,        Cyprus,NA,NA,NA,NA,NA,NA,NA,NA,NA,NA,NA,NA,NA,NA,NA,18.3558,18.5842,19.075,20.2408,21.2526,22.5204,23.4106,24.2819,24.919,26.1713,27.4417,28.7353,30.2,31.3017,30.6702,31.2883,31.4143,30.331,28.344,27.8154,28.754,30.6941,32.0327,33.3322,34.4089
INTL.4701-34-CZE-BDOLPPP.A,        Czech Republic,--,--,--,--,--,--,--,--,--,--,--,--,--,194.1054,198.4135,210.2706,219.0351,217.8486,217.0946,219.7682,229.2843,236.2328,239.7521,248.336,259.9196,277.2683,296.5202,312.9952,320.8791,306.385,313.3785,318.8987,316.6295,316.491,323.649,341.335,349.6827,368.4207,380.0787,388.6966
INTL.4701-34-CIV-BDOLPPP.A,        Côte d’Ivoire,NA,NA,NA,NA,NA,NA,NA,NA,57.5891,59.288,58.6417,58.6652,58.5185,58.4132,58.5131,61.7734,66.7993,70.6222,74.1046,75.3036,73.7464,73.8356,72.604,71.6166,72.4989,73.7466,74.8646,76.186,78.1234,80.6632,82.291,78.2941,86.8,94.8481,103.189,112.314,120.377,129.237,138.016,147.539
INTL.4701-34-DNK-BDOLPPP.A,        Denmark,146.4137,145.1069,149.4827,153.2457,159.9754,166.8289,172.9166,173.4168,179.1259,179.4023,180.1458,182.497,186.0684,186.0885,196.0115,201.946,207.8025,214.5789,219.3385,225.8045,234.2654,236.1935,237.2951,238.2206,244.577,250.2918,260.0857,262.4504,261.1069,248.2954,252.9409,256.3222,256.9027,259.3005,263.4997,269.6726,278.4258,284.095,290.8887,297.7109
INTL.4701-34-DJI-BDOLPPP.A,        Djibouti,NA,NA,NA,NA,NA,NA,NA,NA,NA,NA,2.74283,2.62059,2.63532,2.45741,2.42398,2.33961,2.25229,2.22491,2.22744,2.29246,2.30882,2.35022,2.42623,2.50353,2.5731,2.65315,2.78117,2.92068,3.09025,3.1402,3.27043,3.50894,3.67884,3.86282,4.13559,4.453,4.76108,5.00279,5.27795,5.57728
INTL.4701-34-DMA-BDOLPPP.A,        Dominica,NA,NA,NA,NA,NA,NA,NA,NA,0.492493,0.490363,0.516363,0.525629,0.540001,0.5386,0.546309,0.557097,0.576662,0.591047,0.609727,0.613634,0.61754,0.619633,0.607008,0.653533,0.670762,0.668594,0.699142,0.740798,0.79871,0.789701,0.767864,0.76923,0.760442,0.762916,0.796309,0.776,0.795594,0.738173,0.75489,0.807388
INTL.4701-34-DOM-BDOLPPP.A,        Dominican Republic,NA,NA,NA,NA,NA,NA,NA,NA,40.4688,42.2497,39.9452,40.3227,44.5619,47.7804,48.8809,51.5662,55.2436,59.6655,63.8484,68.136,71.9902,73.2927,77.535,77.3385,78.3532,85.6109,94.7466,102.776,106.065,107.067,115.983,119.631,122.894,128.881,137.977,147.535,157.35,164.699,176.209,185.1
INTL.4701-34-ECU-BDOLPPP.A,        Ecuador,NA,NA,NA,NA,NA,NA,NA,NA,78.6851,78.9212,81.2888,85.5095,86.8045,87.0625,91.1578,92.7516,94.9795,98.8271,100.918,94.5606,99.5697,103.568,107.811,110.747,119.84,126.181,131.738,134.623,143.181,143.992,149.068,160.797,169.869,178.272,185.026,185.209,182.938,187.27,189.685,189.787
INTL.4701-34-EGY-BDOLPPP.A,        Egypt,NA,NA,NA,NA,NA,NA,NA,NA,343.746,360.83,381.398,385.512,402.598,414.277,430.737,450.733,473.219,499.204,519.354,551.063,580.644,601.171,615.422,635.068,661.042,690.65,737.986,786.939,843.245,882.911,928.729,944.562,968.934,1000.46,1029.68,1074.15,1120.04,1166.22,1228.18,1296.38
INTL.4701-34-SLV-BDOLPPP.A,        El Salvador,NA,NA,NA,NA,NA,NA,NA,NA,20.8286,21.008,25.4867,25.8686,27.6848,29.2952,30.6697,32.1213,32.3835,33.3992,34.2848,35.0267,35.4213,35.7318,36.2955,36.8637,37.1915,38.199,39.8577,40.5996,41.4634,40.5984,41.4531,43.0346,44.2458,45.235,46.0091,47.111,48.3107,49.3977,50.5985,51.8039
INTL.4701-34-GNQ-BDOLPPP.A,        Equatorial Guinea,NA,NA,NA,NA,NA,NA,NA,NA,0.469245,0.463477,0.455326,0.450672,0.607259,0.674259,0.786651,0.924207,1.53954,3.84844,4.76339,5.98587,7.07612,11.561,13.811,15.7384,21.7188,25.3564,27.3101,31.4837,37.0875,37.5857,34.2315,36.4647,39.496,37.8635,38.0207,34.557,31.5103,30.0338,28.1931,26.5241
INTL.4701-34-ERI-BDOLPPP.A,        Eritrea,--,--,--,--,--,--,--,--,--,--,--,--,--,--,3.68803,3.77384,4.11854,4.44398,4.53123,4.53969,3.97893,4.32722,4.45729,4.33892,4.40188,4.51522,4.47151,4.53537,3.65384,4.09893,4.54365,5.71176,5.81952,5.21109,6.82303,5.416,5.81629,5.25679,5.89742,6.11899
INTL.4701-34-EST-BDOLPPP.A,        Estonia,--,--,--,--,--,--,--,--,--,--,--,--,16.9549,15.9816,15.7192,16.7457,17.5722,19.8648,20.7248,20.6413,22.7275,24.0865,25.7248,27.6714,29.5441,32.3478,35.4917,38.1797,36.2368,31.0063,31.8406,34.2108,35.2796,35.7548,36.8227,37.564,38.7433,40.7616,42.5351,44.6221
INTL.4701-34-SWZ-BDOLPPP.A,        Eswatini,NA,NA,NA,NA,NA,NA,NA,NA,3.61836,4.08553,4.94423,5.03127,5.19359,5.3549,5.48346,5.74807,5.96891,6.15412,6.31437,6.5007,6.61513,6.6849,6.97771,7.24846,7.51113,7.96171,8.43879,8.81308,8.8855,9.02456,9.36693,9.57742,10.0938,10.4836,10.5794,10.824,10.9613,11.1832,11.4462,11.5927
INTL.4701-34-ETH-BDOLPPP.A,        Ethiopia,NA,NA,NA,NA,NA,NA,NA,NA,31.8803,31.7652,32.6313,30.276,27.5792,31.2646,32.3547,34.3351,38.9816,40.0888,38.4671,40.4529,42.9096,46.4717,47.1755,46.156,52.4206,58.616,64.9669,72.4095,80.2215,87.2829,98.2374,111.161,120.774,133.554,147.254,162.557,177.892,194.906,208.191,225.432
INTL.4701-34-FLK-BDOLPPP.A,        Falkland Islands,NA,NA,NA,NA,NA,NA,NA,NA,NA,NA,NA,NA,NA,NA,NA,NA,NA,NA,NA,NA,NA,NA,NA,NA,NA,NA,NA,NA,NA,NA,NA,NA,NA,NA,NA,NA,NA,NA,NA,NA
INTL.4701-34-FRO-BDOLPPP.A,        Faroe Islands,NA,NA,NA,NA,NA,NA,NA,NA,NA,NA,NA,NA,NA,NA,NA,NA,NA,NA,NA,NA,NA,NA,NA,NA,NA,NA,NA,NA,NA,NA,NA,NA,NA,NA,NA,NA,NA,NA,NA,NA
INTL.4701-34-FJI-BDOLPPP.A,        Fiji,NA,NA,NA,NA,NA,NA,NA,NA,4.14723,4.69635,5.08859,4.95261,5.14612,5.23502,5.50201,5.63956,5.91026,5.78023,5.85538,6.37065,6.26235,6.38759,6.592,6.65792,7.01079,7.05986,7.19064,7.12593,7.19719,7.09643,7.30932,7.50713,7.61308,7.9735,8.42029,8.813,9.03419,9.52436,9.86021,9.91051
INTL.4701-34-FIN-BDOLPPP.A,        Finland,113.9266,115.378,118.951,122.6013,126.2637,130.339,133.9277,138.7758,145.929,153.8333,151.7818,142.8426,138.1406,137.2265,142.6603,148.6834,154.134,163.8229,172.7633,180.3259,190.7104,195.6612,199.001,202.987,211.0822,216.947,225.6869,237.6472,239.5067,220.1674,227.183,232.9705,229.7115,227.6394,226.8098,228.0451,234.3434,242.0039,245.6638,248.476
INTL.4701-34-CSK-BDOLPPP.A,        Former Czechoslovakia,NA,NA,NA,NA,NA,NA,NA,NA,NA,NA,NA,NA,NA,--,--,--,--,--,--,--,--,--,--,--,--,--,--,--,--,--,--,--,--,--,--,--,--,--,--,--
INTL.4701-34-SCG-BDOLPPP.A,        Former Serbia and Montenegro,--,--,--,--,--,--,--,--,--,--,--,--,NA,NA,NA,NA,NA,NA,NA,NA,NA,NA,NA,NA,NA,NA,--,--,--,--,--,--,--,--,--,--,--,--,--,--
INTL.4701-34-SUN-BDOLPPP.A,        Former U.S.S.R.,NA,NA,NA,NA,NA,NA,NA,NA,NA,NA,NA,NA,--,--,--,--,--,--,--,--,--,--,--,--,--,--,--,--,--,--,--,--,--,--,--,--,--,--,--,--
INTL.4701-34-YUG-BDOLPPP.A,        Former Yugoslavia,NA,NA,NA,NA,NA,NA,NA,NA,NA,NA,NA,NA,--,--,--,--,--,--,--,--,--,--,--,--,--,--,--,--,--,--,--,--,--,--,--,--,--,--,--,--
INTL.4701-34-FRA-BDOLPPP.A,        France,1427.23,1442.82,1477.409,1496.476,1521.598,1546.455,1581.378,1622.145,1697.119,1772.909,1825.984,1843.931,1871.542,1860.243,1903.706,1946.036,1973.151,2018.737,2091.729,2160.7,2249.015,2293.997,2319.155,2338.758,2400.001,2440.974,2505.062,2565.634,2568.665,2497.081,2543.184,2599.876,2609.683,2625.505,2651.357,2678.674,2706.251,2771.876,2821.961,2863.927
INTL.4701-34-GUF-BDOLPPP.A,        French Guiana,NA,NA,NA,NA,NA,NA,NA,NA,NA,NA,NA,NA,NA,NA,NA,NA,NA,NA,NA,NA,NA,NA,NA,NA,NA,NA,NA,NA,NA,NA,NA,NA,NA,NA,NA,NA,NA,NA,NA,NA
INTL.4701-34-PYF-BDOLPPP.A,        French Polynesia,NA,NA,NA,NA,NA,NA,NA,NA,NA,NA,NA,NA,NA,NA,NA,NA,NA,NA,NA,NA,NA,NA,NA,NA,NA,NA,NA,NA,NA,NA,NA,NA,NA,NA,NA,NA,NA,NA,NA,NA
INTL.4701-34-GAB-BDOLPPP.A,        Gabon,NA,NA,NA,NA,NA,NA,NA,NA,17.3562,18.8394,19.8175,21.0289,20.3791,21.1833,21.9698,23.0626,23.8986,25.27,26.1488,23.8131,23.3647,23.8636,23.8041,24.3391,24.5069,25.1628,24.4566,25.9259,25.0682,25.1009,26.8805,28.7868,30.2984,32.0068,33.3879,34.683,35.4084,35.5783,35.8756,37.0933
INTL.4701-34-GMB-BDOLPPP.A,"        Gambia, The",NA,NA,NA,NA,NA,NA,NA,NA,2.3262,2.40957,2.49614,2.56801,2.65821,2.73828,2.7425,2.76669,2.88423,2.89634,3.00219,3.20772,3.4045,3.60142,3.61789,3.70121,4.04207,3.94701,3.92508,4.04453,4.29756,4.58402,4.85486,4.46014,4.69392,4.82876,4.7608,4.954,5.05027,5.29383,5.64042,5.96508
INTL.4701-34-GEO-BDOLPPP.A,        Georgia,--,--,--,--,--,--,--,--,--,--,--,--,17.0831,12.1702,10.8221,11.1037,12.3463,13.6446,14.0687,14.4723,14.7384,15.4464,16.2924,18.0941,19.1428,20.9783,22.9544,25.8419,26.467,25.5007,28.2643,30.038,31.8001,33.2183,34.6103,37.547,38.83,41.1553,43.2812,45.4906
INTL.4701-34-DEU-BDOLPPP.A,        Germany,--,--,--,--,--,--,--,--,--,--,--,2851.142,2893.89,2864.994,2935.828,2983.155,3008.562,3064.456,3119.619,3174.077,3273.731,3333.151,3327.624,3303.872,3326.944,3356.892,3491.226,3599.307,3623.817,3419.416,3557.623,3699.423,3722.496,3742.94,3825.51,3872.914,3955.793,4070.84,4123.56,4147.8
INTL.4701-34-DDR-BDOLPPP.A,"        Germany, East",NA,NA,NA,NA,NA,NA,NA,NA,NA,NA,NA,--,--,--,--,--,--,--,--,--,--,--,--,--,--,--,--,--,--,--,--,--,--,--,--,--,--,--,--,--
INTL.4701-34-DEUW-BDOLPPP.A,"        Germany, West",NA,NA,NA,NA,NA,NA,NA,NA,NA,NA,NA,--,--,--,--,--,--,--,--,--,--,--,--,--,--,--,--,--,--,--,--,--,--,--,--,--,--,--,--,--
INTL.4701-34-GHA-BDOLPPP.A,        Ghana,NA,NA,NA,NA,NA,NA,NA,NA,37.2947,39.1914,40.4961,42.635,44.289,46.437,47.9551,49.8845,52.1773,54.3678,56.9197,59.4404,61.9402,64.7517,67.8557,71.4006,75.2226,79.8833,83.5194,87.15,95.1237,99.7321,107.611,122.727,134.132,143.94,148.111,151.337,156.555,169.304,179.908,191.563
INTL.4701-34-GIB-BDOLPPP.A,        Gibraltar,NA,NA,NA,NA,NA,NA,NA,NA,NA,NA,NA,NA,NA,NA,NA,NA,NA,NA,NA,NA,NA,NA,NA,NA,NA,NA,NA,NA,NA,NA,NA,NA,NA,NA,NA,NA,NA,NA,NA,NA
INTL.4701-34-GRC-BDOLPPP.A,        Greece,216.767,213.3938,210.9821,208.7072,212.8951,218.2457,219.3691,214.4182,223.6125,232.1075,232.1078,239.3076,240.9759,237.1223,241.8643,246.1805,253.2965,264.9211,275.2171,283.3776,294.8393,307.195,319.3953,337.9263,354.165,356.9276,376.8508,388.8045,387.8577,371.1487,350.9354,318.7109,295.3902,286.0006,288.2076,286.7641,286.0223,290.1632,295.7596,301.3594
INTL.4701-34-GRL-BDOLPPP.A,        Greenland,2.50986,2.52656,2.41489,2.49838,2.36897,2.45559,2.62987,2.77493,2.93043,3.12558,2.75928,2.75615,2.61526,2.48377,2.63092,2.72901,2.77076,2.81146,3.02957,3.07131,3.28943,3.33117,3.29882,3.44496,3.68289,3.86657,4.08139,4.1774,4.43499,4.47339,4.55104,4.52844,4.59158,4.53197,4.74688,4.62681,4.84344,4.86613,5.02273,5.16576
INTL.4701-34-GRD-BDOLPPP.A,        Grenada,NA,NA,NA,NA,NA,NA,NA,NA,0.655206,0.69499,0.731125,0.747918,0.745701,0.726017,0.746007,0.761893,0.795707,0.835616,0.933831,0.998249,1.04705,1.02586,1.06108,1.16154,1.15402,1.30716,1.255,1.33184,1.34448,1.255,1.24915,1.25873,1.24263,1.27322,1.36689,1.455,1.50935,1.58571,1.65973,1.71851
INTL.4701-34-GLP-BDOLPPP.A,        Guadeloupe,NA,NA,NA,NA,NA,NA,NA,NA,3.22985,3.6142,3.25676,3.44923,3.51787,5.94169,6.08589,6.1699,6.48417,6.72933,6.95525,7.32755,7.68768,7.99519,8.08314,8.48729,8.56368,8.94048,9.12823,9.36556,9.46858,9.01409,9.47381,9.75803,9.81658,9.88529,9.97426,10.1638,10.1333,10.4778,10.6423,10.712
INTL.4701-34-GUM-BDOLPPP.A,        Guam,NA,NA,NA,NA,NA,NA,NA,NA,NA,NA,NA,NA,NA,NA,NA,NA,NA,NA,NA,NA,NA,NA,NA,NA,NA,NA,NA,NA,NA,NA,NA,NA,NA,NA,NA,NA,NA,NA,NA,NA
INTL.4701-34-GTM-BDOLPPP.A,        Guatemala,NA,NA,NA,NA,NA,NA,NA,NA,49.0096,50.6849,52.5643,54.1036,56.4972,58.4559,60.5178,63.1235,64.9159,67.5363,70.6389,73.247,75.0556,76.8812,79.8329,81.8769,84.4461,87.2126,91.8797,97.7028,100.921,101.402,104.326,108.671,111.903,116.038,121.195,126.154,129.532,133.448,137.739,143.047
INTL.4701-34-GIN-BDOLPPP.A,        Guinea,NA,NA,NA,NA,NA,NA,NA,NA,8.38994,8.72578,9.10315,9.34107,9.6466,10.1332,10.5354,11.0209,11.5126,12.1091,12.5504,13.0288,13.3549,13.8435,14.5585,14.7403,15.0852,15.5373,15.7207,16.7941,17.4887,17.2933,18.1269,19.1443,20.277,21.0749,21.8562,22.69,25.147,28.5067,30.9752,32.7099
INTL.4701-34-GNB-BDOLPPP.A,        Guinea-Bissau,1.10099,1.30102,1.35566,1.30959,1.42888,1.48842,1.4766,1.51942,1.58932,1.68627,1.78913,1.88037,1.90106,1.94098,2.00309,2.09123,2.33381,2.48551,1.78708,1.80541,1.90339,1.94505,1.92589,1.93684,1.99032,2.07523,2.12315,2.19243,2.26267,2.3389,2.44674,2.64455,2.59926,2.68389,2.70978,2.876,3.05612,3.23701,3.36002,3.51485
INTL.4701-34-GUY-BDOLPPP.A,        Guyana,NA,NA,NA,NA,NA,NA,NA,NA,2.43191,2.31167,2.24144,2.37558,2.56162,2.77203,3.0083,3.1583,3.40729,3.61946,3.55762,3.66327,3.61284,3.69413,3.73295,3.69543,3.81715,3.74246,3.93443,4.21736,4.29139,4.44638,4.6304,4.871,5.12801,5.38532,5.59526,5.76618,5.9597,6.0886,6.29798,6.61832
INTL.4701-34-HTI-BDOLPPP.A,        Haiti,NA,NA,NA,NA,NA,NA,NA,NA,15.7888,15.568,15.6445,15.2586,14.8953,14.3366,12.7761,14.059,14.5922,15.0171,15.3187,15.7558,15.849,15.693,15.6875,15.7394,15.1653,15.4556,15.7873,16.3213,16.4671,16.9719,16.0336,16.9209,17.4063,18.1388,18.6537,18.876,19.1534,19.3739,19.6626,19.4269
INTL.4701-34-HITZ-BDOLPPP.A,        Hawaiian Trade Zone,NA,NA,NA,NA,NA,NA,NA,--,--,--,--,--,--,--,--,--,--,--,--,--,--,--,--,--,--,--,--,--,--,--,--,--,--,--,--,--,--,--,--,--
INTL.4701-34-HND-BDOLPPP.A,        Honduras,NA,NA,NA,NA,NA,NA,NA,NA,16.0957,16.7439,16.7533,17.3332,18.3225,19.4124,19.1853,19.966,20.6715,21.7175,22.3508,21.9151,23.1765,23.8078,24.7015,25.8247,27.4342,29.0942,31.0048,32.9235,34.3167,33.4823,34.7315,36.0636,37.5526,38.6009,39.7814,41.309,42.9171,44.9956,46.659,47.8967
INTL.4701-34-HKG-BDOLPPP.A,        Hong Kong,85.7587,93.6422,96.3452,102.1402,112.3566,113.16,125.7251,142.5664,154.7011,158.2235,164.2843,173.6518,184.4787,195.9187,207.7443,212.6758,221.7328,233.0405,219.3317,224.8296,242.0597,243.4171,247.4499,255.0126,277.1987,297.6789,318.6137,339.2115,346.4296,337.9105,360.7793,378.1495,384.5796,396.5073,407.4603,417.1895,426.24,442.4,454.997,449.311
INTL.4701-34-HUN-BDOLPPP.A,        Hungary,NA,NA,NA,NA,NA,NA,NA,NA,NA,NA,NA,168.4001,163.2399,162.2995,167.0828,169.8557,169.9228,175.3246,182.0819,187.4841,196.2046,204.2873,213.9624,222.5046,232.896,242.9016,253.0762,253.7843,256.1013,238.9503,240.4126,244.808,241.5345,246.3797,256.4887,266.2243,271.9396,284.1404,298.7179,313.4325
INTL.4701-34-ISL-BDOLPPP.A,        Iceland,NA,NA,NA,NA,NA,NA,NA,NA,7.85913,7.87944,7.97157,7.95376,7.6854,7.78634,8.06734,8.21123,8.58674,9.08138,9.72576,10.119,10.614,11.0278,11.1029,11.3547,12.2679,13.0444,13.7291,15.0149,15.314,14.2761,13.7856,14.045,14.2271,14.8152,15.1238,15.842,16.8919,17.6598,18.3334,18.6851
INTL.4701-34-IND-BDOLPPP.A,        India,963.887,1021.686,1058.207,1128.314,1183.52,1232.214,1284.826,1332.615,1446.008,1548.553,1633.679,1672.556,1745.52,1843.062,1957.582,2096.025,2259.8,2368.099,2510.704,2684.715,2836.921,2947.278,3083.169,3295.311,3550.301,3870.747,4232.39,4658.07,4948.1,5201.37,5769.09,6217.65,6578.2,6982.54,7472.32,8032.24,8755.74,9329.53,9959.26,10441.92
INTL.4701-34-IDN-BDOLPPP.A,        Indonesia,450.979,484.523,482.567,525.388,565.183,587.256,629.472,670.841,717.659,782.856,853.33,929.519,990.147,1068.922,1149.518,1244.011,1341.268,1404.306,1219.965,1229.618,1290.837,1337.868,1398.064,1464.898,1538.595,1626.18,1715.636,1824.493,1960.267,2052.435,2183.332,2318.038,2457.817,2594.405,2724.298,2857.143,3000.945,3153.086,3316.092,3482.717
INTL.4701-34-IRN-BDOLPPP.A,        Iran,NA,NA,NA,NA,NA,NA,NA,NA,496.118,526.768,598.872,674.296,702.962,691.884,689.459,707.747,758.004,783.661,805.137,820.707,862.916,894.581,967.576,1045.55,1108.99,1144.36,1201.58,1299.57,1302.83,1315.96,1392.26,1429.09,1322.7,1320.14,1380.91,1362.67,1545.22,1603.24,1525.8,1369.68
INTL.4701-34-IRQ-BDOLPPP.A,        Iraq,NA,NA,NA,NA,NA,NA,NA,NA,243.853,222.223,222.26,75.3019,94.605,140.557,134.066,109.518,163.881,199.743,269.367,316.728,321.183,328.587,305.914,204.652,315.49,320.775,338.861,345.261,373.669,386.297,411.03,442.048,503.653,542.073,543.142,568.795,647.217,622.829,616.85,641.249
INTL.4701-34-IRL-BDOLPPP.A,        Ireland,56.9847,58.5638,59.3379,59.4148,61.6083,65.246,65.4702,68.3695,71.43,75.87559,86.0423,87.73691,90.7284,93.07041,98.241,105.7552,113.513,125.9697,136.9363,151.3081,165.5877,174.4302,184.7673,190.3539,203.3883,215.073,225.8214,237.7286,227.1779,215.5933,219.3199,220.5449,220.8034,223.4895,242.7601,303.8019,309.8145,338.0589,367.334,387.7745
INTL.4701-34-ISR-BDOLPPP.A,        Israel,NA,NA,NA,NA,NA,NA,NA,NA,96.1236,97.4876,103.954,110.29,118.181,122.638,131.235,139.879,146.997,152.739,159.108,164.836,179.692,179.394,179.132,181.155,189.764,197.403,208.435,221.087,228.417,230.212,242.432,254.13,258.689,269.736,280.991,286.869,297.846,308.48,319.544,330.287
INTL.4701-34-ITA-BDOLPPP.A,        Italy,1462.356,1475.823,1480.627,1500.852,1549.033,1593.02,1640.339,1688.854,1761.472,1822.682,1858.262,1895.569,1908.827,1892.451,1935.623,1990.249,2016.711,2055.941,2089.82,2122.716,2208.807,2248.061,2253.669,2258.722,2286.327,2309.211,2352.663,2384.275,2361.277,2235.62,2273.004,2292.217,2223.11,2181.739,2183.277,2197.657,2228.546,2267.16,2282.486,2289.295
INTL.4701-34-JAM-BDOLPPP.A,        Jamaica,NA,NA,NA,NA,NA,NA,NA,NA,17.4781,18.6734,19.6926,19.8647,21.917,22.3481,22.5475,22.7796,22.851,22.6261,22.3486,22.5696,22.7256,23.0167,23.172,24.0216,24.3396,24.5572,25.2691,25.634,25.4259,24.3211,23.9667,24.3814,24.2318,24.3533,24.5217,24.748,25.0884,25.3402,25.832,26.085
INTL.4701-34-JPN-BDOLPPP.A,        Japan,2586.181,2696.08,2785.928,2883.739,3015.911,3171.092,3277.459,3430.568,3666.883,3842.386,4031.393,4168.99,4206.89,4182.85,4225.08,4340.58,4475.73,4525.42,4471.99,4464.94,4586.74,4606.07,4609.92,4682.31,4783.81,4864.39,4931.98,5013.05,4956.96,4689.36,4886.56,4881.83,4954.02,5055.28,5069.91,5133.66,5159.33,5272.51,5287.59,5324.21
INTL.4701-34-JOR-BDOLPPP.A,        Jordan,NA,NA,NA,NA,NA,NA,NA,NA,NA,NA,NA,NA,28.2333,29.463,30.9365,32.7785,33.4038,34.6548,35.7665,36.9236,38.4748,40.3932,43.056,44.7702,48.4907,51.9918,57.2389,62.0316,66.7507,70.8746,72.4458,74.2833,76.3009,78.4655,80.9041,82.775,84.3133,86.0731,87.7378,89.4535
INTL.4701-34-KAZ-BDOLPPP.A,        Kazakhstan,--,--,--,--,--,--,--,--,--,--,--,--,191.046,173.47,152.714,140.278,141.254,143.275,141.288,144.084,158.16,179.454,196.994,215.182,235.78,258.585,286.263,311.806,322.231,325.664,349.547,375.782,394.704,417.892,435.763,440.431,444.362,461.977,480.985,502.544
INTL.4701-34-KEN-BDOLPPP.A,        Kenya,NA,NA,NA,NA,NA,NA,NA,NA,54.4545,57.0086,59.3985,60.2528,59.7711,59.9822,61.5614,64.2739,66.9393,67.1201,69.3723,70.8328,71.1958,74.3688,74.7829,76.9853,80.9137,85.6876,91.0992,97.3401,97.5662,100.793,109.262,115.939,121.23,128.358,135.233,142.966,151.371,158.645,168.669,177.81
INTL.4701-34-KIR-BDOLPPP.A,        Kiribati,NA,NA,NA,NA,NA,NA,NA,NA,0.14143,0.136676,0.135487,0.135487,0.136676,0.137864,0.140241,0.140241,0.142618,0.144995,0.154503,0.152126,0.161634,0.159257,0.165283,0.168607,0.165859,0.174071,0.173982,0.17753,0.173811,0.175209,0.173586,0.176354,0.184672,0.192452,0.191107,0.211,0.221821,0.222552,0.227001,0.231843
INTL.4701-34-XKS-BDOLPPP.A,        Kosovo,--,--,--,--,--,--,--,--,--,--,--,--,--,--,--,--,--,--,--,--,--,--,--,--,--,--,--,--,14.0776,14.5844,15.0657,15.7285,16.1689,16.7187,16.9193,17.613,18.3351,19.1052,19.8312,20.6245
INTL.4701-34-KWT-BDOLPPP.A,        Kuwait,NA,NA,NA,NA,NA,NA,NA,NA,94.7439,119.384,88.2013,51.4257,94.9707,126.985,137.931,139.788,140.765,144.258,149.306,146.843,153.784,154.112,158.757,186.264,205.338,227.122,244.19,258.821,265.239,246.47,240.628,263.796,281.276,284.508,285.934,287.629,296.045,282.095,285.61,286.787
INTL.4701-34-KGZ-BDOLPPP.A,        Kyrgyzstan,--,--,--,--,--,--,--,--,--,--,--,--,13.5542,10.8786,8.70348,8.20006,8.77621,9.63205,9.84226,10.2149,10.766,11.3521,11.3418,12.1468,12.9954,12.9692,13.3811,14.5147,15.7314,16.208,16.1172,17.0747,17.1762,19.0485,19.8104,20.583,21.4681,22.4771,23.3312,24.3811
INTL.4701-34-LAO-BDOLPPP.A,        Laos,NA,NA,NA,NA,NA,NA,NA,NA,6.51213,7.43624,7.93481,8.27574,8.73585,9.25237,10.0073,10.7109,11.453,12.2401,12.7257,13.6555,14.4473,15.2783,16.1825,17.1643,18.2556,19.5531,21.2384,22.8519,24.64,26.4885,28.7471,31.058,33.5508,36.2436,39.0025,41.838,44.7762,47.8624,50.8529,53.2185
INTL.4701-34-LVA-BDOLPPP.A,        Latvia,--,--,--,--,--,--,--,--,--,--,--,--,24.9421,21.2333,21.3715,22.1614,22.726,24.7574,26.333,27.0779,28.5929,30.3997,32.563,35.3101,38.2555,42.3654,47.4018,52.1468,50.402,43.2258,41.2921,43.8872,45.7018,46.7657,47.6613,49.244,50.0379,51.9155,54.2425,55.4269
INTL.4701-34-LBN-BDOLPPP.A,        Lebanon,NA,NA,NA,NA,NA,NA,NA,NA,22.8504,13.1502,16.6392,24.8669,28.9547,32.0718,34.6713,36.9073,41.0725,41.5059,43.0274,42.8012,43.3756,45.041,46.5828,48.0861,51.298,52.6758,53.492,58.4724,63.7754,70.301,75.9075,76.5659,78.5111,81.5032,83.5093,83.686,84.966,85.6888,84.038,79.3007
INTL.4701-34-LSO-BDOLPPP.A,        Lesotho,NA,NA,NA,NA,NA,NA,NA,NA,2.08831,2.25738,2.40271,2.50145,2.61315,2.70766,2.79594,2.9244,3.2114,3.47307,3.30381,3.40209,3.57693,3.72821,3.74806,3.92388,4.01388,4.12237,4.29993,4.50347,4.80924,4.90338,5.21322,5.56917,5.90831,5.95199,6.07788,6.194,6.39287,6.35543,6.2252,6.15123
INTL.4701-34-LBR-BDOLPPP.A,        Liberia,9.81471,9.605,9.37133,9.19358,8.99981,8.92393,8.77414,8.68624,8.50887,6.23971,3.05554,2.62088,1.70133,1.14031,0.892158,0.854096,0.957612,1.97534,2.57207,3.13127,4.02734,4.14495,4.30093,3.00442,3.08313,3.24594,3.50705,3.84145,4.11595,4.33412,4.5985,4.9756,5.37336,5.84106,5.882,5.882,5.78791,5.93079,6.00329,5.86653
INTL.4701-34-LBY-BDOLPPP.A,        Libya,NA,NA,NA,NA,NA,NA,NA,NA,60.7337,65.1062,67.5283,78.0999,75.9816,73.1223,74.537,72.882,74.4374,78.3176,75.5356,76.1018,77.8814,78.2799,77.3012,87.3231,91.1965,100.581,107.335,112.795,129.3,128.335,133.885,51.856,116.525,75.224,43.5385,39.575,37.8082,59.4018,68.72,71.2558
INTL.4701-34-LTU-BDOLPPP.A,        Lithuania,--,--,--,--,--,--,--,--,--,--,--,--,47.1476,39.4975,35.6401,36.0646,37.853,41.0021,44.0902,43.592,45.2561,48.2535,51.5079,56.9012,60.5688,65.3907,70.2516,78.0331,79.8999,68.2088,69.1759,73.3957,76.1495,78.9636,81.6853,83.39,85.402,89.1238,92.4241,96.0418
INTL.4701-34-LUX-BDOLPPP.A,        Luxembourg,NA,NA,NA,NA,NA,NA,NA,NA,19.7615,21.6976,22.8253,24.7983,25.2497,26.3104,27.3154,28.4709,28.8662,30.5142,32.3588,35.1031,37.9956,38.9577,40.4457,41.1046,42.5894,43.9406,46.2159,50.0772,49.4363,47.2817,49.5818,50.8408,50.6616,52.513,54.7693,57.128,59.7414,60.8173,62.7093,64.1498
INTL.4701-34-MAC-BDOLPPP.A,        Macau,NA,NA,NA,NA,NA,NA,NA,NA,13.0654,13.7218,14.8168,15.3591,17.4016,18.3041,19.0826,19.7115,19.629,19.5742,18.6794,18.2388,19.287,19.844,21.6196,24.139,30.5975,33.0635,37.4657,42.8786,44.3338,44.9194,56.2679,68.4626,74.7865,83.1627,82.1639,64.421,63.9582,70.2822,74.1073,70.6162
INTL.4701-34-MDG-BDOLPPP.A,        Madagascar,NA,NA,NA,NA,NA,NA,NA,NA,22.2349,23.1418,23.8662,22.3603,22.6255,23.0999,23.0834,23.4786,23.9831,24.8689,25.8469,27.0511,28.3388,30.0441,26.2364,28.8036,30.3178,31.7133,33.3062,35.3847,37.7599,36.2575,36.4821,37.0579,38.1738,39.0519,40.3559,41.62,43.2819,44.9844,47.0378,49.2751
INTL.4701-34-MWI-BDOLPPP.A,        Malawi,NA,NA,NA,NA,NA,NA,NA,NA,7.00818,7.10242,7.50671,8.16207,7.56354,8.29659,7.447,8.6928,9.32882,9.68261,10.0598,10.3658,10.5292,10.0054,10.1755,10.756,11.3391,11.7097,12.2601,13.437,14.4636,15.6681,16.7452,17.558,17.8891,18.8193,19.892,20.449,20.957,21.7953,22.4862,23.4686
INTL.4701-34-MYS-BDOLPPP.A,        Malaysia,115.5949,123.6206,131.0074,139.1551,149.9565,148.2704,149.9795,158.0628,173.7701,189.5131,206.585,226.6696,246.8307,271.2527,296.2484,325.3751,357.9234,384.1499,355.8809,377.7,410.4492,412.5736,434.815,459.986,491.186,515.627,544.422,578.715,606.678,597.495,642.475,676.483,713.512,747.003,791.872,831.523,868.525,919.008,962.845,1004.275
INTL.4701-34-MDV-BDOLPPP.A,        Maldives,NA,NA,NA,NA,NA,NA,NA,NA,1.20258,1.30954,1.5231,1.62814,1.73342,1.82739,1.96472,2.10937,2.27514,2.46621,2.65104,2.81476,2.92301,2.80774,3.01182,3.42594,3.63266,3.15572,3.97973,4.28672,4.69333,4.35406,4.67039,5.07048,5.19813,5.5766,5.98535,6.158,6.54831,6.99384,7.47563,7.88912
INTL.4701-34-MLI-BDOLPPP.A,        Mali,NA,NA,NA,NA,NA,NA,NA,NA,3.13003,3.36444,3.44553,3.95055,3.87972,4.05461,4.34455,5.96194,7.16652,7.98834,8.50857,9.63303,10.0861,11.5648,12.4819,14.0986,13.2312,14.6031,16.4304,17.7946,19.4933,21.7831,24.1507,26.0223,28.9409,30.9709,33.3832,35.924,39.0679,41.7417,44.5285,46.8084
INTL.4701-34-MLT-BDOLPPP.A,        Malta,NA,NA,NA,NA,NA,NA,NA,NA,5.47887,5.93125,6.30824,6.69779,7.01195,7.31354,7.52716,8.23087,8.55759,8.97228,9.28643,9.66342,10.2666,10.1554,10.4119,10.8289,10.8517,11.2175,11.5058,12.0541,12.5125,12.3689,13.0536,13.1207,13.6577,14.4035,15.502,16.986,17.6512,19.0568,20.036,21.0308
INTL.4701-34-MTQ-BDOLPPP.A,        Martinique,NA,NA,NA,NA,NA,NA,NA,NA,3.15073,3.33158,2.69192,2.84078,2.9047,4.79856,4.93713,5.02493,5.257,5.42575,5.61873,5.80672,5.84849,6.1643,6.23211,6.45024,6.70179,6.99667,7.19258,7.25731,7.23554,6.76523,7.07643,7.1472,7.1472,7.11146,7.21102,7.23986,7.16023,7.17455,7.26064,7.33324
INTL.4701-34-MRT-BDOLPPP.A,        Mauritania,6.78979,7.02406,6.8597,7.11594,6.88631,7.09254,7.49778,7.64027,7.77171,8.14301,7.99877,8.1418,8.29439,8.78157,8.51279,9.34873,9.89271,9.49258,9.75627,10.5088,10.4635,10.6737,10.7447,11.387,12.0415,13.1216,15.5975,16.037,16.2102,16.0413,16.807,17.5976,18.6174,19.7513,20.8534,20.944,21.3301,21.9857,22.7671,24.2488
INTL.4701-34-MUS-BDOLPPP.A,        Mauritius,NA,NA,NA,NA,NA,NA,NA,NA,7.65003,7.99161,8.56595,8.94589,9.52851,10.0128,10.4269,10.874,11.4816,12.1346,12.8714,13.2075,14.2909,14.7693,15.0078,15.897,16.5854,16.8802,17.7015,18.7153,19.7235,20.3774,21.2693,22.1365,22.9105,23.6803,24.5671,25.44,26.4067,27.4101,28.4517,29.3053
INTL.4701-34-MEX-BDOLPPP.A,        Mexico,1004.553,1090.33,1084.643,1046.746,1082.398,1105.918,1071.496,1090.102,1103.903,1149.496,1208.861,1259.556,1304.513,1337.567,1403.551,1315.267,1401.071,1500.122,1577.976,1621.251,1697.451,1694.309,1693.507,1718.354,1781.703,1826.469,1908.552,1952.09,1970.023,1870.134,1966.033,2038.211,2108.058,2141.466,2202.631,2275.526,2329.914,2384.385,2436.54,2429.292
INTL.4701-34-FSM-BDOLPPP.A,        Micronesia,NA,NA,NA,NA,NA,NA,NA,NA,NA,NA,NA,NA,NA,NA,NA,NA,NA,NA,NA,NA,NA,NA,NA,NA,NA,NA,NA,NA,NA,NA,NA,NA,NA,NA,NA,NA,NA,NA,NA,NA
INTL.4701-34-MDA-BDOLPPP.A,        Moldova,--,--,--,--,--,--,--,--,--,--,--,--,NA,NA,NA,12.3634,11.6368,11.8284,11.0546,10.6822,10.9074,11.5773,12.4814,13.3081,14.288,15.3598,16.0947,16.5773,17.8766,16.8058,17.998,19.0452,18.9329,20.6451,21.6773,21.604,22.5565,23.6146,24.2708,25.1543
INTL.4701-34-MNG-BDOLPPP.A,        Mongolia,NA,NA,NA,NA,NA,NA,NA,NA,11.0655,11.5303,11.242,10.2079,9.24208,8.96429,9.17157,10.6704,10.9214,11.3581,11.7593,12.1375,12.2657,12.394,12.8702,13.6577,15.1089,16.2049,17.5914,19.3941,21.1203,20.8524,22.1797,26.0694,29.3231,32.7159,35.3597,36.257,36.7564,38.7541,41.4825,43.4945
INTL.4701-34-MNE-BDOLPPP.A,        Montenegro,--,--,--,--,--,--,--,--,--,--,--,--,--,--,--,--,--,--,--,--,--,--,--,--,--,--,8.26372,8.82565,9.4611,8.91236,9.15299,9.44589,9.19085,9.51253,9.68376,10.013,10.3034,10.7876,11.3378,11.7459
INTL.4701-34-MSR-BDOLPPP.A,        Montserrat,NA,NA,NA,NA,NA,NA,NA,NA,NA,NA,NA,NA,NA,NA,NA,NA,NA,NA,NA,NA,NA,NA,NA,NA,NA,NA,NA,NA,NA,NA,NA,NA,NA,NA,NA,NA,NA,NA,NA,NA
INTL.4701-34-MAR-BDOLPPP.A,        Morocco,NA,NA,NA,NA,NA,NA,NA,NA,99.6609,102.497,105.994,113.643,111.259,110.435,122.128,115.526,129.82,127.794,137.045,137.77,139.965,150.535,155.527,165.35,173.289,178.452,192.3,197.302,208.988,217.857,226.169,238.03,245.201,256.32,263.162,275.135,278.499,289.57,298.455,305.569
INTL.4701-34-MOZ-BDOLPPP.A,        Mozambique,NA,NA,NA,NA,NA,NA,NA,NA,5.57163,5.93379,5.99312,6.28679,5.90315,6.52824,6.95495,7.11173,7.90859,8.80227,9.67606,10.8083,10.9368,12.259,13.3979,14.3259,15.4619,16.4882,18.088,19.4864,20.9068,22.2268,23.669,25.4213,27.2665,29.1653,31.3231,33.429,34.7074,36.0059,37.2459,38.0963
INTL.4701-34-NAM-BDOLPPP.A,        Namibia,--,--,--,--,--,--,--,--,--,--,8.73698,9.45053,10.1299,9.96984,10.1423,10.5378,10.8741,11.333,11.706,12.1004,12.523,12.6706,13.2773,13.8402,15.5383,15.9314,17.0581,17.975,18.4513,18.5058,19.6235,20.6226,21.6664,22.8829,24.2004,25.296,25.2251,25.1603,25.3361,25.0943
INTL.4701-34-NRU-BDOLPPP.A,        Nauru,NA,NA,NA,NA,NA,NA,NA,NA,NA,NA,NA,NA,NA,NA,NA,NA,NA,NA,NA,NA,NA,NA,NA,NA,NA,NA,NA,NA,NA,NA,NA,NA,NA,NA,NA,NA,NA,NA,NA,NA
INTL.4701-34-NPL-BDOLPPP.A,        Nepal,NA,NA,NA,NA,NA,NA,NA,NA,22.4708,23.4096,24.741,26.0587,26.9858,28.7049,30.3946,31.6579,33.3776,34.6808,35.8889,37.8623,40.0972,40.935,41.6296,43.5592,45.3542,46.8724,48.3745,50.7361,53.4953,55.9988,58.2571,60.6285,63.2994,66.5996,69.8719,70.779,73.8445,79.6565,84.6448,89.7707
INTL.4701-34-NLD-BDOLPPP.A,        Netherlands,411.22,409.107,403.8586,410.958,423.773,435.031,448.629,456.929,477.879,499.291,520.151,532.902,541.371,548.214,564.707,583.078,600.492,627.554,656.161,688.489,717.964,734.706,736.308,737.873,750.864,766.295,794.017,823.945,841.886,810.961,821.515,834.148,825.55,824.867,836.677,853.057,871.324,897.59,918.385,933.354
INTL.4701-34-NLDA-BDOLPPP.A,        Netherlands Antilles,NA,NA,NA,NA,NA,NA,NA,NA,2.23597,2.41037,2.44653,2.49057,2.57024,2.68778,2.83424,2.87897,2.91897,2.95465,2.86265,2.81088,2.75424,2.79306,2.80423,2.8519,2.88612,2.91787,2.9656,3.03885,3.10535,3.08885,3.09139,3.11033,3.10601,3.08134,3.04625,3.05474,3.0246,2.972,2.90762,2.85137
INTL.4701-34-NCL-BDOLPPP.A,        New Caledonia,NA,NA,NA,NA,NA,NA,NA,NA,NA,NA,NA,NA,NA,NA,NA,NA,NA,NA,NA,NA,NA,NA,NA,NA,NA,NA,NA,NA,NA,NA,NA,NA,NA,NA,NA,NA,NA,NA,NA,NA
INTL.4701-34-NZL-BDOLPPP.A,        New Zealand,67.3335,70.4685,71.1235,73.6071,77.1349,78.3806,80.5017,81.2521,82.1234,83.3528,84.2322,82.414,83.1319,87.1857,92.9998,97.03009,100.6474,103.6836,104.4697,109.1374,113.6321,116.1323,122.0734,127.657,133.3179,136.7349,140.4828,146.0407,145.4525,145.9359,148.9098,151.7448,155.5815,159.0093,164.0509,170.7432,177.8611,184.5792,190.3236,194.6423
INTL.4701-34-NIC-BDOLPPP.A,        Nicaragua,NA,NA,NA,NA,NA,NA,NA,NA,NA,NA,13.2476,13.2225,13.2736,13.2218,13.6628,14.4707,15.3889,15.9993,16.5932,17.7607,18.4891,19.0366,19.1801,19.6636,20.7081,21.5949,22.4916,23.6262,24.4612,23.6375,24.679,26.241,27.9401,29.3258,30.7263,32.183,33.6602,35.2259,33.8592,32.5253
INTL.4701-34-NER-BDOLPPP.A,        Niger,NA,NA,NA,NA,NA,NA,NA,NA,10.2348,10.3304,10.1977,10.4531,9.77188,9.91352,10.3105,10.5792,10.9409,11.2422,12.4139,12.3433,12.1693,13.0339,13.4248,14.1363,14.1504,14.7872,15.6448,16.1371,17.6843,17.5582,19.0269,19.4612,21.7674,22.9142,24.6394,25.708,26.9744,28.2943,30.1287,31.5729
INTL.4701-34-NGA-BDOLPPP.A,        Nigeria,NA,NA,NA,NA,NA,NA,NA,NA,299.042,304.782,340.675,341.896,357.73,350.45,344.089,343.839,358.267,368.789,378.309,380.518,399.605,423.252,488.133,523.998,572.47,609.329,646.251,688.846,735.443,794.55,871.627,914.226,953.348,1004.78,1068.17,1096.51,1078.78,1087.47,1108.38,1132.86
INTL.4701-34-NIU-BDOLPPP.A,        Niue,NA,NA,NA,NA,NA,NA,NA,NA,NA,NA,NA,NA,NA,NA,NA,NA,NA,NA,NA,NA,NA,NA,NA,NA,NA,NA,NA,NA,NA,NA,NA,NA,NA,NA,NA,NA,NA,NA,NA,NA
INTL.4701-34-PRK-BDOLPPP.A,        North Korea,NA,NA,NA,NA,NA,NA,NA,NA,52.4183,53.1522,50.8667,48.6198,45.1755,43.1522,42.2414,40.3936,39.0394,36.5083,36.1782,38.3771,38.5353,39.9827,40.463,41.1987,42.054,43.6356,43.188,42.6756,43.9978,43.598,43.3921,43.738,44.3102,44.7852,45.2524,44.7354,46.466,44.8478,42.9875,43.1394
INTL.4701-34-MKD-BDOLPPP.A,        North Macedonia,--,--,--,--,--,--,--,--,--,--,--,--,18.6076,17.212,16.9022,16.7163,16.9169,17.1537,17.7369,18.4996,19.3321,18.7391,19.019,19.4418,20.3505,21.3119,22.4067,23.8571,25.1626,25.0724,25.9145,26.5209,26.3999,27.1721,28.1583,29.244,30.0769,30.4023,31.2293,32.3381
INTL.4701-34-MNP-BDOLPPP.A,        Northern Mariana Islands,NA,NA,NA,NA,NA,NA,NA,NA,NA,NA,NA,NA,NA,NA,NA,NA,NA,NA,NA,NA,NA,NA,NA,NA,NA,NA,NA,NA,NA,NA,NA,NA,NA,NA,NA,NA,NA,NA,NA,NA
INTL.4701-34-NOR-BDOLPPP.A,        Norway,152.25,154.5901,154.94,160.6616,170.6994,180.6876,188.1789,191.3932,190.4195,192.387,196.0945,202.1624,209.412,215.2868,226.0637,235.6103,247.5055,260.5234,267.4275,272.7418,281.5141,287.226,290.8634,293.7237,305.408,313.7143,321.3763,330.7726,331.4476,327.199,328.5966,332.369,340.8842,344.5652,351.9536,358.363,360.0134,369.7947,375.4906,379.9083
INTL.4701-34-OMN-BDOLPPP.A,        Oman,NA,NA,NA,NA,NA,NA,NA,NA,59.4463,61.2198,66.3505,70.3567,76.3335,81.0236,84.1393,88.2025,90.7559,96.3622,98.9672,99.2949,105.8,110.543,109.326,106.408,107.783,110.467,116.402,121.585,131.554,139.596,141.989,145.764,158.948,167.062,169.499,177.347,186.387,187.032,190.33,186.79
INTL.4701-34-PAK-BDOLPPP.A,        Pakistan,NA,NA,NA,NA,NA,NA,NA,NA,303.152,318.188,332.375,350.503,377.964,382.718,397.022,416.724,436.921,441.353,452.609,469.175,496.724,506.496,522.258,546.938,587.864,640.527,677.794,715.321,751.002,753.711,773.161,801.178,831.917,862.557,897.52,933.94,976.558,1027.52,1084.39,1105.11
INTL.4701-34-PSE-BDOLPPP.A,        Palestinian Territories,--,--,--,--,--,--,--,--,--,--,--,--,--,--,--,--,--,5.59401,6.39586,6.92547,6.33296,5.74329,5.02605,5.73048,6.98686,7.77572,7.69823,7.98986,8.58344,9.32106,9.85957,10.8062,11.465,12.0037,11.9847,12.4307,13.5326,13.7247,13.8931,14.025
INTL.4701-34-PAN-BDOLPPP.A,        Panama,NA,NA,NA,NA,NA,NA,NA,NA,18.2815,18.5827,20.0974,21.9857,23.7776,25.0723,25.8067,26.2228,28.1704,29.989,32.2079,33.4388,34.3729,34.5554,35.3532,36.8242,39.6056,42.4438,46.0597,51.6278,56.716,57.4209,60.7674,67.6425,74.2572,79.3834,83.4055,88.187,92.5553,97.7375,101.346,104.393
INTL.4701-34-PNG-BDOLPPP.A,        Papua New Guinea,NA,NA,NA,NA,NA,NA,NA,NA,9.82219,9.68196,9.39191,10.2868,11.7115,13.8432,14.6658,14.18,15.1153,14.1564,14.8192,15.0941,14.7237,14.7174,15.0127,15.6713,15.7602,16.3794,16.7551,18.6145,18.5597,19.8216,21.8293,22.0711,23.0988,23.9823,26.8951,28.754,28.5648,28.1445,28.1449,29.6452
INTL.4701-34-PRY-BDOLPPP.A,        Paraguay,NA,NA,NA,NA,NA,NA,NA,NA,32.2415,34.3286,35.8157,37.0159,37.577,39.4667,41.5924,44.4302,45.1295,47.0441,47.0761,46.433,45.3585,44.9801,44.9705,46.9136,48.8171,49.8586,52.2553,55.0884,58.5916,58.4404,64.9529,67.7128,67.3481,73.0172,76.5664,78.925,82.3289,86.4073,89.3073,89.2806
INTL.4701-34-PER-BDOLPPP.A,        Peru,NA,NA,NA,NA,NA,NA,NA,NA,148.228,129.727,123.532,126.013,125.242,131.743,147.827,158.71,163.089,173.659,173.119,175.695,180.518,181.604,191.52,199.478,209.246,222.25,238.896,259.169,283.001,286.142,310.27,330.364,350.004,370.349,379.424,391.767,407.694,417.793,434.315,443.822
INTL.4701-34-PHL-BDOLPPP.A,        Philippines,225.4556,230.0181,238.192,242.2986,225.3766,210.677,217.9456,227.1507,242.1912,256.7549,264.3762,263.2146,264.1986,269.7562,281.1811,293.805,310.704,326.4278,324.3728,335.1543,348.0603,358.6734,372.0029,390.9263,416.6071,437.199,460.44,490.459,511.766,519.179,557.258,578.758,618.676,660.438,702.363,746.95,800.354,855.827,910.098,965.074
INTL.4701-34-POL-BDOLPPP.A,        Poland,NA,NA,NA,NA,NA,NA,NA,NA,NA,471.002,416.446,387.2312,396.9696,411.809,433.606,463.655,489.953,520.354,543.984,568.658,595.169,603.771,615.47,637.269,669.99,693.074,736.552,788.527,822.568,844.526,874.955,919.049,933.94,946.121,976.989,1013.649,1045.102,1096.914,1156.185,1204.834
INTL.4701-34-PRT-BDOLPPP.A,        Portugal,168.8208,168.8208,168.8208,168.8208,168.8208,168.8208,172.7586,182.3941,187.0321,197.1922,206.6005,211.6384,215.6532,212.6892,217.9486,231.8751,240.0007,250.563,262.61,272.869,283.2822,288.7882,291.0146,288.3066,293.4637,295.7579,300.5641,308.098,309.0818,299.4319,304.635,299.4679,287.3176,284.6667,286.9218,292.0634,297.9616,308.4093,316.5427,323.3972
INTL.4701-34-PRI-BDOLPPP.A,        Puerto Rico,NA,NA,NA,NA,NA,NA,NA,NA,44.9394,47.1579,48.9401,50.0641,52.3492,54.7821,57.0746,59.6702,61.0531,64.0333,67.5755,71.2138,73.5433,78.1873,78.9046,78.9416,81.3376,79.7215,78.5979,77.684,76.2513,74.7626,74.4536,74.1867,74.2084,73.9807,73.1001,72.3329,71.4194,69.5215,66.111,66.7899
INTL.4701-34-QAT-BDOLPPP.A,        Qatar,NA,NA,NA,NA,NA,NA,NA,NA,32.6774,34.7105,35.8959,35.2993,39.2988,38.778,39.3281,40.2716,42.0335,54.6484,60.7787,63.3827,68.4715,71.1406,76.2501,79.0862,94.286,101.35,127.874,150.873,177.523,198.749,237.688,269.479,282.11,294.552,306.272,317.474,324.24,329.363,334.281,333.669
INTL.4701-34-REU-BDOLPPP.A,        Reunion,NA,NA,NA,NA,NA,NA,NA,NA,8.64232,8.42454,10.5222,10.7748,12.0139,10.9074,11.071,11.8017,12.0495,12.7364,13.3222,14.1748,15.097,15.6259,16.412,16.9681,17.7712,18.6027,19.3376,20.4377,20.7004,20.0449,20.0884,20.7111,20.722,20.8763,21.5139,22.1163,22.8019,23.5316,23.9317,24.5708
INTL.4701-34-ROU-BDOLPPP.A,        Romania,261.6398,263.6125,274.1389,290.8566,308.0522,307.7505,315.1379,317.6719,316.119,297.8007,281.1615,244.896,223.2901,226.6026,235.4427,241.6023,251.3688,241.4275,236.3528,235.0407,241.0926,252.2523,266.4048,272.4512,299.8099,314.8639,339.7848,364.3577,398.6769,376.3952,362.0891,369.334,377.4476,389.902,403.7693,419.549,439.567,469.729,490.771,510.78
INTL.4701-34-RUS-BDOLPPP.A,        Russia,--,--,--,--,--,--,--,--,--,--,--,--,2712.666,2476.888,2159.824,2051.781,1978.305,2005.52,1898.847,2019.38,2222.416,2335.35,2446.19,2626.125,2813.777,2993.758,3238.208,3515.083,3699.523,3410.184,3564.061,3690.751,3839.267,3906.663,3935.419,3857.792,3865.265,3935.838,4035.658,4089.815
INTL.4701-34-RWA-BDOLPPP.A,        Rwanda,NA,NA,NA,NA,NA,NA,NA,NA,6.99847,6.99591,6.82806,6.65638,7.04729,6.47584,3.22186,4.35673,4.91202,5.59233,6.08773,6.35087,6.87985,7.46419,8.44834,8.63595,9.27872,10.1491,11.084,11.9329,13.2645,14.0918,15.1252,16.3277,17.7394,18.579,19.7231,21.473,22.7555,23.6627,25.6926,28.1068
INTL.4701-34-SHN-BDOLPPP.A,        Saint Helena,NA,NA,NA,NA,NA,NA,NA,NA,NA,NA,NA,NA,NA,NA,NA,NA,NA,NA,NA,NA,NA,NA,NA,NA,NA,NA,NA,NA,NA,NA,NA,NA,NA,NA,NA,NA,NA,NA,NA,NA
INTL.4701-34-KNA-BDOLPPP.A,        Saint Kitts and Nevis,NA,NA,NA,NA,NA,NA,NA,NA,0.5967,0.63266,0.652396,0.667207,0.68774,0.725003,0.764185,0.790639,0.837263,0.898608,0.907806,0.943602,1.00484,1.05974,1.08711,1.0478,1.08559,1.18082,1.20221,1.20009,1.2756,1.23708,1.20925,1.23826,1.23082,1.31157,1.37872,1.446,1.49155,1.5203,1.56158,1.6091
INTL.4701-34-LCA-BDOLPPP.A,        Saint Lucia,NA,NA,NA,NA,NA,NA,NA,NA,1.26194,1.35486,1.39483,1.40304,1.50541,1.50947,1.53577,1.55315,1.6624,1.65664,1.76207,1.80227,1.79574,1.72926,1.72904,1.81214,1.95933,1.92641,2.23457,2.28269,2.39426,2.35925,2.36876,2.4667,2.45755,2.40903,2.44128,2.447,2.52399,2.58835,2.61054,2.67571
INTL.4701-34-SPM-BDOLPPP.A,        Saint Pierre and Miquelon,NA,NA,NA,NA,NA,NA,NA,NA,NA,NA,NA,NA,NA,NA,NA,NA,NA,NA,NA,NA,NA,NA,NA,NA,NA,NA,NA,NA,NA,NA,NA,NA,NA,NA,NA,NA,NA,NA,NA,NA
INTL.4701-34-VCT-BDOLPPP.A,        Saint Vincent/Grenadines,NA,NA,NA,NA,NA,NA,NA,NA,0.604709,0.613206,0.638653,0.645907,0.687097,0.702623,0.688308,0.739604,0.751532,0.77897,0.818335,0.85293,0.868438,0.883802,0.939143,1.01132,1.0533,1.07963,1.1628,1.20138,1.22042,1.19476,1.15478,1.14988,1.16586,1.18721,1.19857,1.22,1.23555,1.24436,1.26769,1.28952
INTL.4701-34-WSM-BDOLPPP.A,        Samoa,0.512269,0.465855,0.461271,0.463563,0.472731,0.500236,0.523729,0.526594,0.541492,0.573008,0.536335,0.523156,0.54493,0.554098,0.589625,0.628016,0.673857,0.679014,0.686463,0.682452,0.716833,0.770122,0.813671,0.856073,0.882432,0.940879,0.960934,0.965518,0.999898,0.939159,0.920823,0.971821,0.976405,0.957495,0.968956,0.985,1.05548,1.08413,1.09215,1.11648
INTL.4701-34-STP-BDOLPPP.A,        Sao Tome and Principe,NA,NA,NA,NA,NA,NA,NA,NA,0.268364,0.276778,0.27082,0.274073,0.275991,0.279027,0.285166,0.290869,0.295232,0.298174,0.305628,0.313269,0.314673,0.324316,0.330813,0.353851,0.367411,0.393474,0.429342,0.443311,0.452239,0.476435,0.498339,0.519554,0.534688,0.560119,0.593614,0.615,0.643397,0.673174,0.687674,0.760595
INTL.4701-34-SAU-BDOLPPP.A,        Saudi Arabia,NA,NA,NA,NA,NA,NA,NA,NA,645.48,642.233,739.81,850.84,884.768,872.702,877.578,879.439,902.634,912.596,939.001,903.664,954.499,942.942,916.359,1019.38,1100.5,1161.84,1194.24,1216.3,1292.32,1265.7,1329.49,1462.4,1541.53,1583.14,1640.97,1708.35,1736.89,1724.01,1765.19,1771.04
INTL.4701-34-SEN-BDOLPPP.A,        Senegal,NA,NA,NA,NA,NA,NA,NA,NA,18.0703,18.7892,18.6622,19.1392,19.377,19.6291,19.6257,20.6783,21.0944,21.7534,23.0365,24.4987,25.2824,26.4405,26.6137,28.3923,30.0592,31.7493,32.5308,34.1373,35.5221,36.2654,37.5574,38.1052,40.0552,41.1856,43.9092,46.705,49.6738,53.1921,56.7912,59.746
INTL.4701-34-SRB-BDOLPPP.A,        Serbia,--,--,--,--,--,--,--,--,--,--,--,--,--,--,--,--,--,--,--,--,--,--,--,--,--,--,91.955,97.8764,103.412,100.587,101.322,103.385,102.681,105.651,103.972,105.824,109.345,111.565,116.48,121.291
INTL.4701-34-SYC-BDOLPPP.A,        Seychelles,NA,NA,NA,NA,NA,NA,NA,NA,0.857805,0.946053,1.01658,1.04446,1.11983,1.18908,1.17947,1.17215,1.19416,1.37423,1.52853,1.55811,1.55617,1.52142,1.54064,1.44312,1.41396,1.54132,1.68628,1.86196,1.8221,1.80193,1.90906,2.01174,2.08577,2.21129,2.3109,2.425,2.5342,2.64401,2.85161,2.94067
INTL.4701-34-SLE-BDOLPPP.A,        Sierra Leone,NA,NA,NA,NA,NA,NA,NA,NA,7.24142,7.4872,7.75988,7.13967,6.45096,6.45446,6.68037,6.01066,4.52082,3.72534,3.69414,3.39412,3.52334,4.16353,5.26342,5.75361,6.13323,6.40954,6.68027,7.21861,7.60856,7.85087,8.27065,8.79296,10.128,12.226,12.7834,10.164,10.8088,11.2164,11.7346,12.3301
INTL.4701-34-SGP-BDOLPPP.A,        Singapore,53.8957,59.7253,63.967,69.4391,75.5445,75.074,76.0821,84.2972,93.7923,103.3204,113.4675,121.0568,129.0946,143.8924,159.861,171.3724,184.1763,199.4997,195.1199,206.2885,224.9354,222.5307,231.242,241.7306,265.4676,285.0034,310.6683,338.6972,345.025,345.4424,395.6196,420.693,439.464,460.722,478.865,493.175,509.171,531.254,549.518,553.548
INTL.4701-34-SVK-BDOLPPP.A,        Slovakia,--,--,--,--,--,--,--,--,--,--,--,--,--,66.1535,70.25859,75.44091,80.4347,85.2013,88.67409,88.5801,89.6136,92.5292,96.70189,102.0197,107.4055,114.5192,124.2455,137.704,145.3807,137.4491,145.3124,149.4752,152.3087,153.3305,157.5505,165.1479,168.6545,173.7923,180.5646,184.8956
INTL.4701-34-SVN-BDOLPPP.A,        Slovenia,--,--,--,--,--,--,--,--,--,--,--,--,32.7068,33.6368,35.4283,39.3938,40.5716,42.6331,43.9469,46.2313,48.0836,49.7651,51.4575,52.9115,54.9193,57.26,60.7307,65.0253,67.0388,61.8967,62.6492,63.3751,61.7864,61.1907,62.7782,64.005,66.0746,69.472,72.411,74.145
INTL.4701-34-SLB-BDOLPPP.A,        Solomon Islands,NA,NA,NA,NA,NA,NA,NA,NA,0.459931,0.491474,0.524508,0.537888,0.59901,0.609153,0.658372,0.724156,0.735806,0.723102,0.746195,0.734619,0.630205,0.580004,0.56402,0.600595,0.649225,0.732645,0.761947,0.888174,0.92108,0.923227,1.02146,1.08692,1.1156,1.14927,1.17513,1.205,1.24381,1.28975,1.33947,1.38462
INTL.4701-34-SOM-BDOLPPP.A,        Somalia,NA,NA,NA,NA,NA,NA,NA,NA,6.49507,6.48365,6.37992,6.31611,5.55818,5.55818,4.39098,4.39098,4.56222,4.43894,4.54975,4.69534,4.8362,4.98128,5.15563,5.33608,5.49616,5.66104,5.79691,5.94763,6.10227,6.26092,6.42371,6.59073,6.76208,6.9379,7.1946,7.38885,7.74734,7.92553,8.17122,8.37429
INTL.4701-34-ZAF-BDOLPPP.A,        South Africa,334.6124,352.5503,351.1985,344.7136,362.2909,357.9017,357.9656,365.4854,380.8363,389.9565,388.7172,384.7592,376.5369,381.1815,393.509,405.771,423.245,434.447,436.696,446.993,465.564,478.3,495.842,510.466,533.714,561.879,593.364,625.171,645.121,635.2,654.507,676.004,690.965,708.136,721.217,729.826,732.739,743.104,748.952,750.094
INTL.4701-34-KOR-BDOLPPP.A,        South Korea,205.0986,219.9604,238.3008,270.1765,298.6844,322.0981,358.5826,404.2077,452.663,484.679,532.554,589.953,626.521,669.61,731.674,802.022,865.307,918.701,871.576,971.521,1059.549,1110.961,1196.785,1234.451,1298.611,1354.563,1425.871,1508.564,1554.018,1566.336,1672.922,1734.581,1776.255,1832.469,1891.151,1944.276,2001.572,2064.814,2124.847,2168.18
INTL.4701-34-SSD-BDOLPPP.A,        South Sudan,--,--,--,--,--,--,--,--,--,--,--,--,--,--,--,--,--,--,--,--,--,--,--,--,--,--,--,--,--,--,--,--,16.1748,20.9178,21.5287,21.4911,17.8946,16.9123,16.7219,18.0483
INTL.4701-34-ESP-BDOLPPP.A,        Spain,745.603,744.603,753.887,767.229,780.92,799.05,825.047,870.826,915.176,959.347,995.651,1020.975,1030.475,1019.853,1044.141,1076.886,1105.565,1146.482,1196.795,1250.552,1316.18,1367.991,1405.301,1447.23,1492.357,1546.925,1610.406,1668.416,1683.244,1619.802,1622.516,1609.31,1561.713,1539.268,1560.535,1620.411,1669.47,1717.798,1758.227,1792.985
INTL.4701-34-LKA-BDOLPPP.A,        Sri Lanka,NA,NA,NA,NA,NA,NA,NA,NA,57.5002,58.5439,62.3949,69.0426,66.8109,71.8296,77.6683,82.3984,92.4288,102.06,100.126,103.101,111.716,109.535,113.725,120.554,127.037,135.026,145.207,155.107,164.448,170.22,183.87,199.324,217.551,224.938,236.097,247.92,259.043,268.312,277.184,283.513
INTL.4701-34-SDN-BDOLPPP.A,        Sudan,NA,NA,NA,NA,NA,NA,NA,NA,43.5511,47.4408,44.8458,48.2141,51.3856,53.7333,54.2739,57.5288,60.934,67.3727,70.2755,72.4569,77.0549,82.0637,87.3382,94.0935,97.7474,105.068,115.643,128.967,139.029,143.536,148.516,145.594,146.353,152.785,156.878,164.575,172.31,179.69,175.52,171.095
INTL.4701-34-SUR-BDOLPPP.A,        Suriname,NA,NA,NA,NA,NA,NA,NA,NA,4.53142,4.73649,4.55074,4.67559,4.69317,4.37863,4.52706,4.52745,4.57442,4.83696,4.94968,4.8802,4.98097,5.18954,5.33366,5.66877,6.12222,6.36242,6.72917,7.07313,7.3662,7.5882,7.98025,8.44686,8.67466,8.92891,8.95159,8.646,8.1653,8.30918,8.52705,8.72993
INTL.4701-34-SWE-BDOLPPP.A,        Sweden,225.6758,227.268,230.1006,234.7661,245.2575,251.1914,258.8721,267.275,273.1826,280.5723,282.9457,280.2281,277.5177,271.6342,281.9617,293.6825,298.3518,308.0988,321.1172,333.9643,350.331,355.9711,363.857,372.771,386.9045,397.9553,417.408,432.301,429.645,411.448,434.929,449.078,447.855,452.926,465.387,485.041,494.034,507.954,518.367,525.065
INTL.4701-34-CHE-BDOLPPP.A,        Switzerland,268.7791,273.0832,269.5074,271.2298,279.3896,289.6533,295.0369,299.7145,309.538,322.9435,334.8105,331.7442,331.599,331.1812,335.3865,336.9993,338.8192,346.7481,357.1154,363.1676,377.4648,382.4187,383.0406,383.1921,393.8305,406.0992,422.297,439.661,449.135,439.155,452.341,459.998,464.626,473.23,484.822,491.286,499.75,508.742,522.735,529.251
INTL.4701-34-SYR-BDOLPPP.A,        Syria,NA,NA,NA,NA,NA,NA,NA,NA,46.4909,38.5771,40.3467,43.5347,49.3989,51.9573,55.705,59.619,65.477,68.7665,73.4325,70.823,71.3015,74.0062,79.822,80.2936,85.8361,91.171,95.7716,101.206,105.737,111.989,115.841,121.16,89.2477,65.7754,56.1109,52.6695,50.5735,51.911,53.169,56.1194
INTL.4701-34-TWN-BDOLPPP.A,        Taiwan,153.0832,163.9522,171.8386,187.3439,206.1699,216.0812,240.9565,271.6804,293.4796,319.0768,336.7569,364.9494,395.2775,422.212,453.889,483.387,513.244,544.3,567.188,605.371,643.597,634.576,669.361,697.637,746.136,786.303,831.676,888.652,895.753,881.304,971.598,1007.295,1029.673,1055.246,1105.046,1121.242,1145.518,1183.45,1215.939,1248.874
INTL.4701-34-TJK-BDOLPPP.A,        Tajikistan,--,--,--,--,--,--,--,--,--,--,--,--,14.3621,12.0067,9.44926,8.27755,6.89005,7.00619,7.3765,7.6492,8.28389,9.07426,10.0556,11.1735,12.3229,13.1507,14.0179,15.1052,16.2507,16.9039,18.0089,18.4433,19.835,21.3085,22.7331,24.09,25.764,27.582,29.5503,31.5254
INTL.4701-34-TZA-BDOLPPP.A,        Tanzania,NA,NA,NA,NA,NA,NA,NA,NA,36.0716,37.4295,40.0665,40.8966,41.1356,41.6316,42.2843,43.7938,45.7839,47.3979,49.1557,51.5465,53.8769,57.1476,61.2012,65.285,70.1839,75.4311,78.9468,85.6287,90.3973,95.2632,103.176,111.936,114.948,122.743,131.006,139.077,148.628,158.694,169.742,181.268
INTL.4701-34-THA-BDOLPPP.A,        Thailand,188.6321,199.7713,210.4663,222.2197,234.995,245.9247,259.5602,284.2865,322.042,361.2937,401.6137,435.99,471.237,510.129,550.924,595.661,629.328,611.999,565.278,591.125,617.461,638.728,678.003,726.746,772.455,804.802,844.783,890.698,906.068,899.811,967.418,975.545,1046.201,1074.318,1084.895,1118.893,1157.263,1204.32,1254.309,1283.845
INTL.4701-34-BHS-BDOLPPP.A,        The Bahamas,NA,NA,NA,NA,NA,NA,NA,NA,8.07315,8.61626,8.47872,8.12415,7.81336,7.83741,8.08421,8.43819,8.79458,8.97595,9.39929,10.0708,10.4887,10.7641,11.0552,10.9154,11.0117,11.3856,11.6722,11.841,11.5658,11.0829,11.2535,11.3224,11.6719,11.3274,11.4108,11.479,11.5302,11.5379,11.7186,11.8269
INTL.4701-34-TLS-BDOLPPP.A,        Timor-Leste,--,--,--,--,--,--,--,--,--,--,--,--,--,--,--,--,--,--,--,--,--,--,--,0.5844,0.958891,1.30294,1.84597,1.94317,2.136,2.00695,1.98342,2.21068,2.32173,2.06434,1.52953,1.845,1.85804,1.68795,1.73545,1.78265
INTL.4701-34-TGO-BDOLPPP.A,        Togo,NA,NA,NA,NA,NA,NA,NA,NA,5.65561,5.88749,6.23469,6.2488,6.04389,5.05701,5.76167,6.15179,6.62319,6.87545,6.71777,6.89387,6.82746,6.88368,7.14709,7.62739,7.55275,7.20031,7.39113,7.30428,7.60099,8.02193,8.51121,9.05577,9.64833,10.2381,10.8442,11.467,12.1045,12.5663,13.182,13.906
INTL.4701-34-TON-BDOLPPP.A,        Tonga,NA,NA,NA,NA,NA,NA,NA,NA,0.337308,0.338624,0.331702,0.35298,0.35387,0.367098,0.385278,0.400838,0.400673,0.397481,0.409376,0.426906,0.440309,0.454207,0.470471,0.48038,0.478705,0.486273,0.482322,0.462231,0.476562,0.487545,0.504958,0.519022,0.523642,0.507302,0.517816,0.537,0.555119,0.570124,0.571699,0.588746
INTL.4701-34-TTO-BDOLPPP.A,        Trinidad and Tobago,NA,NA,NA,NA,NA,NA,NA,NA,15.8774,15.7466,15.9834,16.4124,16.1419,15.9081,16.4748,17.1266,18.3329,19.7431,21.3533,23.0572,24.6487,25.6775,27.7138,31.716,34.2374,36.3635,41.2778,43.1233,44.5859,42.6279,44.0442,43.915,44.4829,45.4744,45.0595,45.881,42.9921,41.9981,41.8951,41.8749
INTL.4701-34-TUN-BDOLPPP.A,        Tunisia,NA,NA,NA,NA,NA,NA,NA,NA,44.9175,45.7021,49.3354,51.2617,55.263,56.4732,58.2681,59.6384,63.9002,67.377,70.6002,74.8747,78.4012,81.3775,82.4538,86.3311,91.7145,94.9122,99.8895,106.592,111.109,114.49,118.51,116.238,120.99,124.404,127.978,129.47,131.088,133.602,137.16,138.591
INTL.4701-34-TUR-BDOLPPP.A,        Turkey,393.7516,412.8682,427.5771,448.8235,478.9484,499.2638,534.288,584.962,598.536,600.274,655.896,660.62,693.887,746.978,712.109,768.21,824.901,887.409,886.779,857.535,916.991,864.263,919.989,973.01,1068.325,1164.392,1245.294,1308.1,1318.762,1255.155,1360.929,1513.355,1585.822,1720.391,1805.374,1915.221,1978.865,2127.32,2190.268,2210.341
INTL.4701-34-TKM-BDOLPPP.A,        Turkmenistan,--,--,--,--,--,--,--,--,--,--,--,--,23.2632,23.6121,19.5272,18.1213,19.3354,17.1312,18.3475,21.3748,22.5438,23.5231,23.5836,24.3549,25.5723,28.907,32.0773,35.6241,40.8777,43.3848,47.3587,54.3298,60.3337,66.4654,73.342,78.0744,82.915,88.2793,93.7115,99.6074
INTL.4701-34-TCA-BDOLPPP.A,        Turks and Caicos Islands,NA,NA,NA,NA,NA,NA,NA,NA,NA,NA,NA,NA,NA,NA,NA,NA,NA,NA,NA,NA,NA,NA,NA,NA,NA,NA,NA,NA,NA,NA,NA,NA,NA,NA,NA,NA,NA,NA,NA,NA
INTL.4701-34-TUV-BDOLPPP.A,        Tuvalu,NA,NA,NA,NA,NA,NA,NA,NA,NA,NA,NA,NA,NA,NA,NA,NA,NA,NA,NA,NA,NA,NA,NA,NA,NA,NA,NA,NA,NA,NA,NA,NA,NA,NA,NA,NA,NA,NA,NA,NA
INTL.4701-34-USIQ-BDOLPPP.A,        U.S. Pacific Islands,NA,NA,NA,NA,NA,NA,NA,NA,NA,NA,NA,NA,NA,NA,NA,NA,NA,NA,NA,NA,NA,NA,NA,NA,NA,NA,NA,NA,NA,NA,NA,NA,NA,NA,NA,NA,NA,NA,NA,NA
INTL.4701-34-USOH-BDOLPPP.A,        U.S. Territories,NA,NA,NA,NA,NA,NA,NA,NA,NA,NA,NA,NA,NA,NA,NA,NA,NA,NA,NA,NA,NA,NA,NA,NA,NA,NA,NA,NA,NA,NA,NA,NA,NA,NA,NA,NA,NA,NA,NA,NA
INTL.4701-34-VIR-BDOLPPP.A,        U.S. Virgin Islands,NA,NA,NA,NA,NA,NA,NA,NA,1.2762,1.26958,1.263,1.25645,1.24887,1.38375,1.25676,1.22289,1.23515,1.1676,1.22642,1.20813,1.41035,1.45535,2.42603,2.34882,2.36493,2.37158,2.46629,2.57324,2.59748,2.42497,2.44689,2.24726,1.90974,1.79896,1.78165,1.78512,1.80243,1.79142,1.81848,1.88853
INTL.4701-34-UGA-BDOLPPP.A,        Uganda,NA,NA,NA,NA,NA,NA,NA,NA,16.408,17.4519,18.5817,19.6138,20.2843,21.9732,23.3803,26.0744,28.4399,29.8904,31.3566,33.882,34.9466,36.7581,39.968,42.5553,45.4521,48.3304,53.5427,58.0469,63.1021,67.4524,72.9635,77.2477,79.7457,83.5079,87.3058,92.278,94.6591,98.9331,106.524,113.614
INTL.4701-34-UKR-BDOLPPP.A,        Ukraine,--,--,--,--,--,--,--,--,--,--,--,--,480.712,412.451,318,279.204,251.283,243.745,239.114,238.636,252.715,274.954,289.387,316.925,355.301,365.95,393.177,423.033,432.78,368.908,383.053,403.989,404.953,404.845,378.317,341.344,349.676,358.299,370.5,382.481
INTL.4701-34-ARE-BDOLPPP.A,        United Arab Emirates,211.76,217.867,199.743,194.538,203.213,198.201,156.17,161.761,161.375,186.054,218.638,220.374,226.349,231.329,247.282,263.819,279.117,301.978,302.859,311.649,345.472,350.305,358.829,390.408,427.756,448.525,492.647,508.335,524.561,497.058,505.187,540.198,564.424,592.946,618.35,649.922,669.816,685.714,693.93,705.574
INTL.4701-34-GBR-BDOLPPP.A,        United Kingdom,1243.005,1233.214,1257.816,1310.918,1340.664,1396.267,1440.254,1517.924,1604.938,1646.306,1658.385,1640.092,1646.671,1687.67,1752.578,1796.941,1841.712,1912.707,1982.424,2050.386,2120.864,2183.944,2234.71,2308.151,2362.946,2438.082,2506.063,2566.976,2559.76,2451.025,2498.81,2537.297,2574.823,2629.913,2698.488,2762.046,2815.03,2868.292,2906.749,2949.263
INTL.4701-34-USA-BDOLPPP.A,        United States,7071.75,7251.2,7120.5,7446.87,7985.81,8318.73,8606.79,8904.56,9276.49,9617.21,9798.6,9787.97,10132.74,10411.67,10831.18,11121.9,11541.47,12054.74,12594.97,13193.66,13738.2,13875.38,14117.04,14520.95,15072.58,15602.13,16047.55,16348.63,16326.3,15912.14,16320.09,16573.21,16946,17258.19,17694.1,18238.29,18550.44,18983.15,19551.98,19974.51
INTL.4701-34-URY-BDOLPPP.A,        Uruguay,NA,NA,NA,NA,NA,NA,NA,NA,33.2834,33.6508,33.7508,34.9452,37.7169,38.7193,41.5386,40.9373,43.2207,45.4024,47.4541,46.5338,45.6358,43.8815,40.4885,40.8146,42.857,46.0542,47.9418,51.0779,54.7433,57.0663,61.5195,64.6952,66.9842,70.0906,72.3607,72.629,73.8563,75.7701,76.9977,77.1687
INTL.4701-34-UZB-BDOLPPP.A,        Uzbekistan,--,--,--,--,--,--,--,--,--,--,--,--,74.3349,72.5484,68.9956,68.3811,69.5422,73.1571,76.3033,79.5832,82.6359,86.0765,89.4968,93.2849,100.234,107.2,115.188,126.099,137.485,148.554,159.84,172.283,184.99,199.021,213.309,229.196,243.164,254.013,267.023,281.683
INTL.4701-34-VUT-BDOLPPP.A,        Vanuatu,NA,NA,NA,NA,NA,NA,NA,NA,0.303697,0.314109,0.329112,0.369026,0.366339,0.382826,0.392566,0.410928,0.421452,0.431445,0.440654,0.444138,0.467282,0.457699,0.450011,0.461875,0.480291,0.50576,0.548573,0.576943,0.614159,0.634493,0.64483,0.652729,0.664183,0.677262,0.692873,0.694,0.718089,0.749776,0.773835,0.796142
INTL.4701-34-VEN-BDOLPPP.A,        Venezuela,279.3891,278.3755,272.6103,266.7439,273.5561,274.0849,291.9289,302.3847,319.9874,292.565,311.488,341.7954,362.5097,363.5081,354.9675,368.9946,368.2646,381.7965,382.9192,360.0574,373.3324,386.0038,351.8209,324.5362,383.8826,423.4913,465.3,506.029,532.738,515.677,507.999,529.216,558.989,566.497,544.436,510.564,423.564,357.1842,287.0995,190.1472
INTL.4701-34-VNM-BDOLPPP.A,        Vietnam,NA,NA,NA,NA,NA,NA,NA,NA,119.895,125.503,131.897,139.558,151.7,163.954,178.437,195.461,213.717,231.139,244.463,256.133,273.517,292.376,313.077,336.059,362.238,389.587,416.772,446.486,471.765,497.231,529.169,563.16,594.06,627.085,667.255,713.992,761.694,814.611,872.252,933.484
INTL.4701-34-WAK-BDOLPPP.A,        Wake Island,NA,NA,NA,NA,NA,NA,NA,NA,NA,NA,NA,NA,NA,NA,NA,NA,NA,NA,NA,NA,NA,NA,NA,NA,NA,NA,NA,NA,NA,NA,NA,NA,NA,NA,NA,NA,NA,NA,NA,NA
INTL.4701-34-ESH-BDOLPPP.A,        Western Sahara,NA,NA,NA,NA,NA,NA,NA,NA,NA,NA,NA,NA,NA,NA,NA,NA,NA,NA,NA,NA,NA,NA,NA,NA,NA,NA,NA,NA,NA,NA,NA,NA,NA,NA,NA,NA,NA,NA,NA,NA
INTL.4701-34-YEM-BDOLPPP.A,        Yemen,NA,NA,NA,NA,NA,NA,NA,NA,NA,NA,44.4486,44.5869,46.7713,48.6741,49.7273,58.009,69.9155,73.5727,77.0655,80.5423,86.6734,91.816,96.4479,102,106.729,112.214,117.421,121.501,126.379,131.604,135.97,115.455,117.979,122.215,109.251,75.976,64.8792,58.416,57.6302,58.8432
INTL.4701-34-ZMB-BDOLPPP.A,        Zambia,NA,NA,NA,NA,NA,NA,NA,NA,20.1118,20.3038,20.4558,20.0558,19.7086,21.0483,19.2328,19.7901,21.0207,21.8225,21.7383,22.7491,23.6358,24.8925,26.0141,27.8208,29.7773,31.9318,34.4556,37.3335,40.2358,43.9456,48.4713,51.1685,55.0561,57.8416,60.5553,62.326,64.6676,66.9465,69.6244,70.8133
INTL.4701-34-ZWE-BDOLPPP.A,        Zimbabwe,NA,NA,NA,NA,NA,NA,NA,NA,16.3107,17.1615,18.3599,19.3738,18.0114,18.3915,19.4584,19.49,21.3871,21.6921,21.7988,21.0147,19.2981,19.2607,18.1168,16.7649,16.1543,15.4979,14.9363,14.4483,13.7632,22.6254,25.4719,29.4062,33.7523,35.6188,36.3764,36.991,37.2188,38.9796,40.3467,36.9907