API,Country,1980,1981,1982,1983,1984,1985,1986,1987,1988,1989,1990,1991,1992,1993,1994,1995,1996,1997,1998,1999,2000,2001,2002,2003,2004,2005,2006,2007,2008,2009,2010,2011,2012,2013,2014,2015,2016,2017
INTL.4418-1-WORL-QBTU.A,    World,20.77454818,21.28674973,21.95522167,23.25673776,23.94462015,24.22662987,24.58293507,24.59421478,25.36338436,25.78225188,26.2552163,26.86918976,26.92338675,28.15018921,28.62180509,29.97657173,30.57522546,30.9361213,30.85804458,31.52023595,32.22808951,31.88204887,32.20929943,32.61962719,34.612972,36.3586246,37.78320013,39.16302585,41.76415697,43.0242252,46.72702672,48.81575935,50.88215506,54.6750888,57.08836625,58.09453157,61.54160626,62.33585559
INTL.4418-1-AFG-QBTU.A,        Afghanistan,0.007385868,0.007536613,0.007390978,0.00784792,0.00790308,0.00804419,0.007447998,0.007876764,0.007681056,0.007824,0.007863912,0.007127788,0.004891766,0.00484523,0.004817572,0.004248544,0.00373274,0.003288586,0.0030591,0.0030678,0.003182712,0.005145834,0.005646015,0.00637875,0.00565904,0.00589941,0.006318403,0.007393232,0.005340967,0.007574736,0.007329683,0.005783935,0.007022808,0.007957194,0.00881577,0.009524018,0.00978592,0.010023744
INTL.4418-1-ALB-QBTU.A,        Albania,0.030322572,0.031547154,0.032334222,0.03331684,0.03383604,0.034631805,0.03515079,0.041457201,0.038333012,0.040121472,0.02933364,0.036348588,0.032959954,0.033823829,0.038509628,0.042918544,0.05861746,0.050840314,0.049679784,0.053492206,0.046394148,0.036361827,0.035371521,0.051809625,0.054196576,0.053184681,0.049108969,0.02727984,0.037041186,0.05076176,0.074862666,0.039221549,0.044971664,0.06640536,0.04495377,0.054674573,0.065898016,0.041283453
INTL.4418-1-DZA-QBTU.A,        Algeria,0.002576224,0.003783986,0.004955196,0.00245116,0.00538704,0.006675633,0.002580162,0.005115729,0.001868644,0.002743616,0.001393868,0.00302644,0.002037374,0.003597841,0.001691824,0.001969592,0.00138556,0.000755762,0.002171961,0.002055426,0.000540653,0.000702644,0.000569688,0.00265275,0.002483968,0.005489451,0.002142504,0.002214016,0.00275912,0.00295728,0.001679008,0.005819884,0.007698444,0.00496132,0.0042795,0.003028675,0.004052848,0.005739699
INTL.4418-1-ASM-QBTU.A,        American Samoa,0,0,0,0,0,0,0,0,0,0,0,0,0,0,0,0,0,0,0,0,0,0,0,0,0,0,0,0,0,0,0,0,0,0,0,0,0,0
INTL.4418-1-AGO-QBTU.A,        Angola,0.00550564,0.00554009,0.0062724,0.006312,0.006264,0.0062682,0.00689436,0.00687654,0.00681384,0.006958144,0.007468636,0.00746174,0.008604544,0.009082229,0.009139976,0.009187992,0.00947144,0.008844458,0.010696653,0.00905001,0.009211503,0.010405331,0.011515836,0.012443625,0.017357728,0.021967803,0.026166322,0.024433248,0.030576962,0.02989488,0.035863056,0.038650248,0.035665968,0.045167094,0.04796844,0.047722716,0.0550599,0.071806122
INTL.4418-1-ATA-QBTU.A,        Antarctica,0,0,0,0,0,0,0,0,0,0,0,0,0,0,0,0,0,0,0,0,0,0,0,0,0,0.000019998,0.000019838,0.000019768,0.000019708,0.00003904,0.000039024,0.000038864,0.000009516,0.000009541,0.00000951,0.000009319,0.000009232,0
INTL.4418-1-ATG-QBTU.A,        Antigua and Barbuda,0,0,0,0,0,0,0,0,0,0,0,0,0,0,0,0,0,0,0,0,0,0,0,0,0,0,0,0,0,0,1.9512E-06,0.000004858,0.000004758,5.7246E-06,0.000005706,0.000046595,0.000055392,0.000055278
INTL.4418-1-ARG-QBTU.A,        Argentina,0.180886244,0.172286346,0.197444698,0.19469364,0.21460464,0.21458138,0.218310954,0.226331937,0.154684492,0.13493792,0.185124394,0.168635324,0.19949718,0.244611952,0.280667412,0.275165408,0.23826462,0.2880066,0.271994778,0.222446178,0.297879401,0.385648226,0.370653255,0.349849125,0.314582528,0.350746168,0.401948941,0.332575681,0.341555809,0.386711782,0.420832395,0.502839165,0.476901615,0.501708972,0.526128874,0.466385146,0.476505155,0.38860434
INTL.4418-1-ARM-QBTU.A,        Armenia,--,--,--,--,--,--,--,--,--,--,--,--,0.031160446,0.043802941,0.035889364,0.0195928,0.01608904,0.014053088,0.015519834,0.012148488,0.012730848,0.009899014,0.016693893,0.01986525,0.019811648,0.017558244,0.017933552,0.018156908,0.017549974,0.01954928,0.024750972,0.023969372,0.021915348,0.020560855,0.01879176,0.020389972,0.02151056,0.020738463
INTL.4418-1-ABW-QBTU.A,        Aruba,--,--,--,--,--,--,0,0,0,0,0,0,0,0,0,0,0,0,0,0,0,0,0,0,0,0,0,0,0,0.0002928,0.001035112,0.001102766,0.001303692,0.001459773,0.00153111,0.001686739,0.00133864,0.001354311
INTL.4418-1-AUS-QBTU.A,        Australia,0.137267032,0.149843755,0.145948294,0.13056372,0.129195,0.145516263,0.154308312,0.144438597,0.14567164,0.157637952,0.153491912,0.171494788,0.164168908,0.176943676,0.174123764,0.169828328,0.1713855,0.181107129,0.170310294,0.181010426,0.177721822,0.186004333,0.180184176,0.187403625,0.18549632,0.200000248,0.215484415,0.209957591,0.198222924,0.187632854,0.220924876,0.265445066,0.262054625,0.322701742,0.354270049,0.321418388,0.351952759,0.370445517
INTL.4418-1-AUT-QBTU.A,        Austria,0.299267892,0.316966319,0.317780692,0.31669408,0.3042738,0.32563299,0.32821332,0.273571683,0.373171304,0.372328512,0.336598318,0.337782012,0.370822752,0.38906166,0.377524336,0.39809476,0.36896222,0.38411093,0.395184735,0.430586182,0.440857274,0.435303519,0.425257084,0.357421276,0.398396381,0.406426156,0.412042978,0.439213334,0.452760154,0.476910516,0.440585381,0.399403034,0.488336656,0.481059482,0.475749969,0.444640444,0.474197109,0.454791453
INTL.4418-1-AZE-QBTU.A,        Azerbaijan,--,--,--,--,--,--,--,--,--,--,--,--,0.01789166,0.024494184,0.018682276,0.01588048,0.01574782,0.017311035,0.019690407,0.015246966,0.015495319,0.013308904,0.020346,0.0247455,0.027313632,0.029787021,0.024728067,0.02312856,0.02177734,0.0223016,0.033297228,0.025737684,0.017157348,0.01536101,0.01394166,0.016895347,0.020042672,0.018039054
INTL.4418-1-BHR-QBTU.A,        Bahrain,0,0,0,0,0,0,0,0,0,0,0,0,0,0,0,0,0,0,0,0,0,0,0,0,0,0,0,0,0.000009854,0.00001952,0.000019512,0.000029148,1.71288E-05,1.71738E-05,0.00008559,0.000083871,0.000083088,0.000082917
INTL.4418-1-BGD-QBTU.A,        Bangladesh,0.0064925,0.005466919,0.006920548,0.00696424,0.00936468,0.007720333,0.0047007,0.005334528,0.006896432,0.009503552,0.00910175,0.00866188,0.008149496,0.006206018,0.008655124,0.006228448,0.00756888,0.007271656,0.008728632,0.00843645,0.009568538,0.010167672,0.010752861,0.01131975,0.012199488,0.012858714,0.013757653,0.007551376,0.009489402,0.00459696,0.008351136,0.009539169,0.00780312,0.010380608,0.00734172,0.007073121,0.010967616,0.011249073
INTL.4418-1-BRB-QBTU.A,        Barbados,0,0,0,0,0,0,0,0,0,0,0,0,0,0,0,0,0,0,0,0,0,0,0,0,0,0,0,0,0,0,0.000019512,0.000029148,0.000028548,0.000038164,0.0000951,0.000130466,0.00027696,0.00027639
INTL.4418-1-BLR-QBTU.A,        Belarus,--,--,--,--,--,--,--,--,--,--,--,--,0.000175814,0.000195871,0.000196004,0.00020624,0.00016544,0.000214473,0.000285516,0.000194294,0.000275427,0.00030999,0.000284844,0.0002835,0.000340544,0.000659934,0.001279551,0.001225616,0.001033165,0.001924255,0.002842123,0.002650291,0.003216264,0.003850457,0.003824368,0.003037994,0.00387744,0.007204566
INTL.4418-1-BEL-QBTU.A,        Belgium,0.005806892,0.006825809,0.006000596,0.00567028,0.00591948,0.00605926,0.008273232,0.009752184,0.009560024,0.009555712,0.010329186,0.010863876,0.012575872,0.011690406,0.012729944,0.014292432,0.01337996,0.012347517,0.0142758,0.015870752,0.018433207,0.021254981,0.021108975,0.0198045,0.024078464,0.027627237,0.037969932,0.044705332,0.054501835,0.080465888,0.095548057,0.113370307,0.133257352,0.149040114,0.155432586,0.169365199,0.175845936,0.15745017
INTL.4418-1-BLZ-QBTU.A,        Belize,0.00041552,0.00041812,0.00041816,0.0004208,0.0004176,0.00041788,0.00041784,0.00041676,0.00041296,0.00041728,0.00041608,0.00041744,0.00041368,0.00041236,0.00041264,0.00082496,0.001034,0.001103004,0.001070685,0.00117599,0.00112211,0.001095298,0.001068165,0.000779625,0.000811296,0.000829917,0.001944124,0.00192738,0.002158026,0.00198128,0.003335576,0.00330344,0.00290238,0.003234399,0.00339507,0.003373478,0.003517392,0.003620709
INTL.4418-1-BEN-QBTU.A,        Benin,0,0,0,0,0,0,0,0,0,0,0,0,0,0,0,0,0.00002068,0.000020426,0.000020394,0.000020452,0.000020402,0.000020666,0.000020346,0.00002025,0.000010016,0.000009999,0.000049595,0.000039536,0.000039416,0.00001952,0.000019512,0.000019432,0.000019032,0.000028623,0.00002853,0.000065233,9.32432E-05,5.61993E-05
INTL.4418-1-BMU-QBTU.A,        Bermuda,0,0,0,0,0,0,0,0,0,0,0,0,0,0,0,0,0,0,0,0,0,0,0,0,0,0,0,0,0,0,0,0,0,0,0,0,0,0
INTL.4418-1-BTN-QBTU.A,        Bhutan,0.000062328,0.000073171,0.000083632,0.00008416,0.00008352,0.000083576,0.0031338,0.012169392,0.015785396,0.015950528,0.016029482,0.016248852,0.016588568,0.016535636,0.017103928,0.01768508,0.01914968,0.01858766,0.018181251,0.018222732,0.018280192,0.019849693,0.022156794,0.02533275,0.023327264,0.02619738,0.044377606,0.064186696,0.067903914,0.06761728,0.070784658,0.067775901,0.064192081,0.07185995,0.068003157,0.072063827,0.072757392,0.070497876
INTL.4418-1-BOL-QBTU.A,        Bolivia,0.01158262,0.012188198,0.01270161,0.01260296,0.0126846,0.012358801,0.01216959,0.012127716,0.013379904,0.01340512,0.013231344,0.014693888,0.014251276,0.014473836,0.014246396,0.01356028,0.01542728,0.016391865,0.015784956,0.018682902,0.020473407,0.022339946,0.022736655,0.020462625,0.021864928,0.020007999,0.021772205,0.023306472,0.023491936,0.02336544,0.022233924,0.023765336,0.024210885,0.027188273,0.025047795,0.02736123,0.0217096,0.023502363
INTL.4418-1-BIH-QBTU.A,        Bosnia and Herzegovina,--,--,--,--,--,--,--,--,--,--,--,--,0.034893908,0.024153987,0.035321984,0.037195384,0.05277536,0.047061504,0.045998667,0.056007802,0.051443643,0.052997957,0.053052195,0.045117,0.059284704,0.059374062,0.057510362,0.039150524,0.047476572,0.06028752,0.077521176,0.042206304,0.039719784,0.068361265,0.05589027,0.051543389,0.052123872,0.03694413
INTL.4418-1-BWA-QBTU.A,        Botswana,0,0,0,0,0,0,0,0,0,0,0,0,0,0,0,0,0,0,0,0,0,0,0,0,0,0,0,0,0,0,0,0,0,0.000019082,0.00001902,0.000018638,0.000018464,0.000018426
INTL.4418-1-BRA-QBTU.A,        Brazil,1.437511884,1.467383842,1.61443954,1.78682084,2.006197272,2.141585972,2.15607867,2.208129372,2.333311452,2.41485423,2.43244701,2.577494744,2.600435134,2.703360062,2.814803176,2.93547892,3.106845504,3.242794235,3.334541418,3.342729068,3.393810157,3.090569256,3.267698793,3.507833205,3.634703472,3.835745154,3.973210463,4.36088155,4.453315863,4.600757018,4.88078787,5.020224603,4.878987065,4.805533432,4.763010832,4.730356626,4.986985789,4.262431302
INTL.4418-1-VGB-QBTU.A,        British Virgin Islands,0,0,0,0,0,0,0,0,0,0,0,0,0,0,0,0,0,0,0,0,0,0,0,0,0,0,0,0,0,0,1.07316E-05,1.06876E-05,1.04676E-05,1.04951E-05,0.000010461,1.21147E-05,1.20016E-05,1.19769E-05
INTL.4418-1-BRN-QBTU.A,        Brunei,0,0,0,0,0,0,0,0,0,0,0,0,0,0,0,0,0,0,0,0,0,0,0,0,0,0,0,0,0,0,0,0,0.000019032,0.000019082,0.00001902,0.000018638,0.000009232,0.000018426
INTL.4418-1-BGR-QBTU.A,        Bulgaria,0.038165512,0.03742174,0.031550172,0.03490536,0.03367944,0.023129658,0.024046692,0.026172528,0.026522356,0.027769984,0.019337318,0.025223812,0.021118364,0.019824207,0.014989148,0.023624792,0.0298826,0.027840638,0.031284396,0.028162404,0.027144861,0.01777276,0.022207659,0.030425625,0.031610496,0.043155684,0.041887937,0.028643832,0.029303915,0.036689099,0.056713191,0.038556959,0.051433874,0.067689412,0.072511673,0.084671983,0.069222955,0.056190087
INTL.4418-1-BFA-QBTU.A,        Burkina Faso,0,0,0,0,0,0,0,0,0,0,0.000093618,0.000135668,0.00020684,0.000484523,0.000742752,0.000969328,0.00117876,0.001174495,0.000795366,0.001257798,0.000989497,0.000547649,0.000651072,0.000972,0.0010016,0.000989901,0.00079352,0.00108724,0.00133029,0.00127856,0.001190232,0.00087444,0.001008696,0.00110771,0.000962412,0.000992474,0.001449424,0.001455654
INTL.4418-1-MMR-QBTU.A,        Burma,0.008185744,0.008895503,0.009586318,0.01034116,0.01044,0.010373871,0.010769826,0.010554447,0.009560024,0.011819456,0.012284762,0.012815408,0.015544026,0.017401592,0.016484968,0.016581696,0.01689556,0.017045497,0.00958518,0.010512328,0.019106473,0.018640732,0.02248233,0.0225585,0.023878144,0.029687031,0.032673186,0.03543414,0.039731328,0.0508008,0.04933219,0.072364768,0.07322562,0.083426504,0.08326005,0.087095374,0.089836592,0.115650789
INTL.4418-1-BDI-QBTU.A,        Burundi,0.000020776,0.000020906,0.000020908,0.00024196,0.00040716,0.000480562,0.000637206,0.000979386,0.001063372,0.001064064,0.001113014,0.00114796,0.001075568,0.001113372,0.001176024,0.001206504,0.00120978,0.00122556,0.001111473,0.000991922,0.000999698,0.001177962,0.001281798,0.0010125,0.00090144,0.000949905,0.000912548,0.001146544,0.001093794,0.0011712,0.001433156,0.00131166,0.001398852,0.001412068,0.0014265,0.001369893,0.00143096,0.0018426
INTL.4418-1-CPV-QBTU.A,        Cabo Verde,0,0,0,0,0,0,0,0,0,0,0,0,0,0.000020618,0.00005158,0.000061872,0.00007238,0.000071491,0.000081576,0.000081808,0.000081608,0.000061998,0.000061038,0.000050625,0.000060096,0.000059994,0.000069433,0.000069188,0.000059124,0.00006832,0.000039024,0.0002429,0.000675636,0.000791903,0.0008559,0.000792115,0.000766256,0.000764679
INTL.4418-1-KHM-QBTU.A,        Cambodia,0.000509012,0.000554009,0.00057497,0.0004208,0.0003132,0.000365645,0.00041784,0.000468855,0.0005162,0.000563328,0.000644924,0.000667904,0.000692914,0.000711321,0.000732436,0.000752776,0.00079618,0.000582141,0.00050985,0.000449944,0.000479447,0.000320323,0.00030519,0.000496125,0.000420672,0.000589941,0.000644735,0.00064246,0.000610948,0.000569008,0.000539507,0.000721899,0.005093915,0.009734682,0.017624883,0.018836495,0.024356786,0.025458283
INTL.4418-1-CMR-QBTU.A,        Cameroon,0.0140238,0.01871087,0.021200712,0.02107156,0.02198664,0.023975865,0.023994462,0.023974119,0.025696436,0.027144064,0.027138818,0.027571912,0.027137408,0.027071434,0.027450876,0.0281002,0.02935526,0.031261993,0.031457745,0.033756026,0.034765008,0.035535187,0.03204495,0.035366625,0.038872096,0.037336266,0.044595824,0.03839934,0.042047018,0.03949872,0.041726412,0.042915572,0.03359148,0.039261215,0.04369845,0.040332632,0.04228256,0.042131049
INTL.4418-1-CAN-QBTU.A,        Canada,2.620196404,2.76941782,2.688946518,2.79141888,2.98159092,3.159110118,3.232274442,3.286027572,3.157347624,3.035232128,3.098318916,3.227823492,3.286356656,3.353249666,3.42795522,3.488735216,3.70222666,3.61734247,3.426212394,3.587538476,3.712480475,3.507793603,3.632466514,3.488293105,3.483212136,3.695363177,3.583919424,3.732145802,3.813177122,3.756389272,3.64689281,3.882248586,3.862316962,4.048130032,4.025272925,3.968337842,4.021242441,3.945587019
INTL.4418-1-CYM-QBTU.A,        Cayman Islands,0,0,0,0,0,0,0,0,0,0,0,0,0,0,0,0,0,0,0,0,0,0,0,0,0,0,0,0,0,0,0,0,0,0,0,0,0.000036928,0.000128982
INTL.4418-1-CAF-QBTU.A,        Central African Republic,0.000685608,0.000679445,0.000710872,0.00067328,0.00072036,0.00062682,0.000793896,0.000760587,0.000763976,0.000771968,0.000790552,0.0007827,0.000796334,0.000793793,0.000814964,0.00082496,0.00083754,0.000847679,0.000825957,0.000828306,0.000846683,0.000847306,0.000834186,0.000840375,0.001241984,0.001329867,0.001378741,0.001344224,0.001340144,0.0013176,0.00130828,0.001421451,0.00142169,0.001310933,0.001601484,0.00156932,0.001563901,0.001385635
INTL.4418-1-TCD-QBTU.A,        Chad,0,0,0,0,0,0,0,0,0,0,0,0,0,0,0,0,0,0,0,0,0,0,0,0,0,0,0,0,0,0,0,0,0,9.54E-07,9.51E-07,2.7957E-06,8.58576E-05,8.56809E-05
INTL.4418-1-CHL-QBTU.A,        Chile,0.077317884,0.080414929,0.089789406,0.09605812,0.09942012,0.110142721,0.120881112,0.127976577,0.12042946,0.102358784,0.13330163,0.14641708,0.189372362,0.193520548,0.191815704,0.22165644,0.21008812,0.209335861,0.172910529,0.147775926,0.209059294,0.236295044,0.244080789,0.235618875,0.238350752,0.280121985,0.300307644,0.253069936,0.266767488,0.28690496,0.23629032,0.252110768,0.24018384,0.248066,0.28588962,0.301637392,0.312050832,0.316687662
INTL.4418-1-CHN-QBTU.A,        China,0.598535784,0.677824785,0.769999824,0.89983872,0.89713008,0.955649772,0.97727553,1.033543962,1.115084916,1.222797312,1.30170628,1.29260296,1.346549084,1.538298671,1.70977384,1.93731544,1.9291855,1.996100211,2.090435985,2.185459816,2.277332446,2.871220377,2.940772076,2.89743293,3.566256293,4.008307209,4.389157163,4.880184923,6.064907481,6.493644458,7.719696297,7.782331015,9.587899876,10.66038657,12.30960275,13.11303473,14.30064999,15.17865704
INTL.4418-1-COL-QBTU.A,        Colombia,0.150968804,0.152080697,0.19151728,0.19254756,0.21410352,0.227796835,0.265443306,0.224852439,0.25624168,0.280641664,0.286283844,0.286770844,0.233284494,0.289816917,0.334403456,0.33323228,0.36843488,0.325304476,0.316168182,0.346262586,0.329033255,0.330470006,0.347153625,0.36767925,0.402663232,0.400250284,0.431656162,0.446830003,0.468942343,0.409645595,0.425500318,0.504312203,0.486362171,0.50510689,0.484945559,0.492075279,0.4925342,0.536279517
INTL.4418-1-COM-QBTU.A,        Comoros,0.000020776,0.000020906,0.000020908,0.00002104,0.00002088,0.000020894,0.000020892,0.000020838,0.000020648,0.000020864,0.000020804,0.000020872,0.000020684,0.000020618,0.000020632,0.000020624,0.00002068,0.000020426,0.000020394,0.000020452,0.000020402,0.000020666,0.000030519,0.0000405,0.00005008,0.000049995,0.000049595,0.00004942,0.00004927,0.0000488,0.00004878,0.00004858,0.000028548,0.000019082,0.00001902,0.000018638,0.000018464,3.6852E-06
INTL.4418-1-COG-QBTU.A,        Congo-Brazzaville,0.001028412,0.001066206,0.001818996,0.00240908,0.00258912,0.003008736,0.00276819,0.002865225,0.002952664,0.004099776,0.00504497,0.004946664,0.004353982,0.003659695,0.003290804,0.003588576,0.00466334,0.004554998,0.003456783,0.0025565,0.002978692,0.003420223,0.003987816,0.003432375,0.003275232,0.003509649,0.003780242,0.003281488,0.003655834,0.00319152,0.004156056,0.0076086,0.009298084,0.009171763,0.008961273,0.010139072,0.010312144,0.010981896
INTL.4418-1-COD-QBTU.A,        Congo-Kinshasa,0.043619212,0.043129078,0.04265232,0.04662464,0.04850424,0.051973825,0.054360984,0.054043353,0.053643504,0.060881152,0.057928738,0.054329816,0.061979606,0.056421157,0.054066156,0.062872264,0.0623502,0.050799462,0.047538414,0.053655822,0.060583739,0.061109362,0.061536477,0.06174225,0.070182112,0.073182681,0.073846955,0.076521928,0.072998432,0.07536672,0.075521196,0.075133828,0.071627884,0.077911806,0.08323152,0.082463831,0.08341112,0.086731182
INTL.4418-1-COK-QBTU.A,        Cook Islands,0,0,0,0,0,0,0,0,0,0,0,0,0,0,0,0,0,0,0,0,0,0,0,0,0,1.00E-06,9.92E-07,9.88E-07,9.85E-07,9.76E-07,9.76E-07,9.72E-07,9.52E-07,7.6328E-06,0.00001902,0.000037276,0.000055392,0.000055278
INTL.4418-1-CRI-QBTU.A,        Costa Rica,0.021794024,0.023634233,0.024692348,0.0295086,0.03110076,0.028718803,0.029938236,0.030986106,0.03117848,0.034289984,0.034825896,0.037872244,0.04157484,0.045235892,0.0451325,0.041278936,0.04457574,0.055109348,0.049995891,0.061284418,0.069295393,0.070099072,0.075343988,0.073572745,0.080831691,0.081743138,0.082916236,0.08532432,0.089096035,0.08577088,0.08653572,0.086414104,0.089881717,0.087302533,0.088335693,0.100915874,0.100006487,0.103038192
INTL.4418-1-HRV-QBTU.A,        Croatia,--,--,--,--,--,--,--,--,--,--,--,--,0.044511968,0.04453488,0.050414292,0.053797704,0.07409644,0.053475268,0.055145376,0.066734876,0.059114795,0.066988839,0.054028803,0.048873375,0.069050304,0.062933706,0.05921643,0.042034991,0.051624448,0.066036572,0.090370969,0.051205278,0.050381087,0.08833658,0.094329326,0.070091602,0.07658174,0.06504378
INTL.4418-1-CUB-QBTU.A,        Cuba,0.010346448,0.010024427,0.010903522,0.01117224,0.01116036,0.011000691,0.012096468,0.011919336,0.013132128,0.013363392,0.018484795,0.01648729,0.016741107,0.011539706,0.01131953,0.009298601,0.011939904,0.011633332,0.010092821,0.011222604,0.011972097,0.01168516,0.01193128,0.009886495,0.01008809,0.005920908,0.00560082,0.005838778,0.007398397,0.013652037,0.01231783,0.012265864,0.013398562,0.014389419,0.013817786,0.010364247,0.009815508,0.007222992
INTL.4418-1-CYP-QBTU.A,        Cyprus,0,0,0,0,0,0,0,0,0,0,0,0,0,0,0,0,0,0,0,0,0,0,0,0,0,0.000009999,0.000009919,0.000029652,0.000402791,0.000576321,0.000937084,0.0019641,0.002582866,0.003178098,0.00295761,0.003699643,0.003905136,0.004007655
INTL.4418-1-CZE-QBTU.A,        Czech Republic,--,--,--,--,--,--,--,--,--,--,--,--,--,0.016927378,0.019249656,0.024810672,0.02416458,0.02257073,0.02019006,0.025524096,0.027733717,0.031132427,0.036175326,0.023315268,0.030628806,0.036082543,0.039390643,0.037525022,0.041225174,0.053751638,0.06878865,0.081231697,0.08691503,0.099377019,0.099688528,0.099451134,0.09940721,0.089725407
INTL.4418-1-CIV-QBTU.A,        Côte d’Ivoire,0.01397186,0.018041878,0.018095874,0.01122484,0.00385236,0.014040768,0.012315834,0.012669504,0.012667548,0.01304,0.013616218,0.012961512,0.010734996,0.011205883,0.011987192,0.018210992,0.01823976,0.01899618,0.013898511,0.017752336,0.017810946,0.018413406,0.017416176,0.01836675,0.018409408,0.015329467,0.015941817,0.018722273,0.019680409,0.0213012,0.016321788,0.017702552,0.017499924,0.01583806,0.01870617,0.013484593,0.019747248,0.015606822
INTL.4418-1-DNK-QBTU.A,        Denmark,0.00031164,0.000324043,0.000292712,0.0006312,0.00069948,0.000908889,0.00172359,0.002208828,0.003448216,0.004913472,0.009018534,0.011709192,0.015161372,0.018463419,0.020363784,0.02186144,0.02503314,0.033835669,0.044020449,0.049718812,0.062511728,0.067501872,0.076967104,0.090313682,0.10444258,0.109027381,0.102195984,0.112470409,0.111794714,0.109323604,0.131645297,0.148583874,0.151176549,0.163411823,0.182397589,0.187341573,0.182649135,0.208573107
INTL.4418-1-DJI-QBTU.A,        Djibouti,0,0,0,0,0,0,0,0,0,0,0,0,0,0,0,0,0,0,0,0,0,0,0,0,0,0,0,0,0,0,0,0,0.000004758,4.7705E-06,0.000004755,4.6595E-06,0.000004616,4.6065E-06
INTL.4418-1-DMA-QBTU.A,        Dominica,0.000093492,0.00010453,0.000094086,0.0001578,0.00016704,0.000146258,0.000135798,0.000145866,0.000165184,0.000166912,0.000166432,0.000166976,0.000165472,0.000164944,0.000175372,0.000195928,0.00019646,0.00020426,0.000275319,0.000327232,0.000326432,0.000278991,0.00030519,0.000293625,0.000340544,0.000271973,0.000269797,0.000210529,0.000200036,0.000238144,0.000238046,0.000353662,0.000260738,0.000356833,0.000298614,0.000236703,0.000345277,0.000261649
INTL.4418-1-DOM-QBTU.A,        Dominican Republic,0.006710648,0.009229999,0.008687274,0.00907876,0.00667116,0.011220078,0.00981924,0.01031481,0.00898188,0.006499136,0.004337634,0.006032008,0.00573981,0.011886277,0.005911068,0.006589368,0.00924396,0.007210378,0.007729326,0.01150425,0.008079192,0.007584422,0.00925743,0.01253475,0.01672672,0.019128087,0.017645901,0.017188276,0.013923702,0.01457168,0.01429254,0.015273552,0.018185076,0.02108561,0.01572954,0.01239427,0.018214736,0.026312328
INTL.4418-1-ECU-QBTU.A,        Ecuador,0.009120664,0.008184699,0.00930406,0.01801024,0.03302172,0.039291167,0.04460442,0.046739634,0.048946084,0.050772544,0.051354674,0.0524409,0.050924008,0.059297368,0.067043684,0.052684008,0.06494554,0.066067897,0.065678877,0.07265573,0.076844133,0.072331,0.07578885,0.071978625,0.073497408,0.068633136,0.076743303,0.098212097,0.112256768,0.091256,0.085857905,0.109960478,0.118216168,0.109302932,0.114480709,0.128110154,0.15331934,0.188470341
INTL.4418-1-EGY-QBTU.A,        Egypt,0.100753212,0.105669377,0.10835571,0.10618888,0.103356,0.083774493,0.08273232,0.085102392,0.080744004,0.08262144,0.10271975,0.08917562,0.08744161,0.107028038,0.10976224,0.116618408,0.11838266,0.121299801,0.12348567,0.155005708,0.142926211,0.160275163,0.134832942,0.13751775,0.133873856,0.133948604,0.136338639,0.163344961,0.155645901,0.139265821,0.146835423,0.145640351,0.141940328,0.144866458,0.149426163,0.149365283,0.146992534,0.154188768
INTL.4418-1-SLV-QBTU.A,        El Salvador,0.016028684,0.016108073,0.017374548,0.01554856,0.01787328,0.016662965,0.016838952,0.016284897,0.017839872,0.019476544,0.019410132,0.013337208,0.014406406,0.015989259,0.016515916,0.01964436,0.02392676,0.019629386,0.020638728,0.02423562,0.020086789,0.022082654,0.022191905,0.026015961,0.025021761,0.029988938,0.039681423,0.038345039,0.0415923,0.030774256,0.03696646,0.036134776,0.034610644,0.03520629,0.03440718,0.029392126,0.029210048,0.034023609
INTL.4418-1-GNQ-QBTU.A,        Equatorial Guinea,0.000020776,0.000020906,0.000020908,0.00002104,0.00002088,0.000020894,0.000020892,0.000020838,0.000020648,0.000020864,0.000020804,0.000020872,0.000020684,0.000020618,0.000020632,0.000020624,0.00002068,0.000030639,0.000030591,0.000030678,0.000020402,0.000020666,0.000050865,0.000070875,0.000070112,0.000769923,0.000763763,0.000761068,0.000512408,0.00050752,0.000273168,0.000272048,0.00076128,0.002394791,0.00360429,0.003625091,0.00521608,0.005260623
INTL.4418-1-ERI-QBTU.A,        Eritrea,--,--,--,--,--,--,--,--,--,--,--,--,--,--,0,0,0,0.000010213,0.000010197,0.000010226,0.000010201,0.000010333,0.000010173,0.000010125,0.000010016,0.000009999,0.000019838,0.000019768,0.000019708,0.00001952,0.000039024,0.000038864,0.000038064,0.000038164,0.00003804,0.000037276,0.000036928,0.000064491
INTL.4418-1-EST-QBTU.A,        Estonia,--,--,--,--,--,--,--,--,--,--,--,--,0.000010342,0.000010309,0.000030948,0.000082496,0.00007238,0.000112343,0.000173349,0.000173842,0.000193819,0.000196327,0.00030519,0.000496125,0.00060096,0.001109889,0.00128947,0.00143318,0.001941238,0.005281136,0.01018624,0.011457107,0.014057987,0.012222021,0.01393215,0.015245884,0.015260496,0.017854794
INTL.4418-1-SWZ-QBTU.A,        Eswatini,0.001308888,0.001348437,0.000982676,0.0006838,0.00134676,0.001932695,0.001577346,0.001906677,0.002002856,0.002263744,0.001581104,0.002108072,0.002089084,0.002082418,0.002083832,0.002144896,0.00215072,0.00214473,0.002120976,0.002075878,0.003662159,0.00382321,0.004038681,0.00313875,0.003014816,0.003629637,0.003461731,0.00365708,0.003389776,0.004190938,0.00423694,0.005049811,0.005388405,0.005091172,0.005619327,0.005002988,0.003945512,0.002938947
INTL.4418-1-ETH-QBTU.A,        Ethiopia,0.004913524,0.005247406,0.006000596,0.00655396,0.00713052,0.007803909,0.008576166,0.009231234,0.009869744,0.010369408,0.011317376,0.011448292,0.011655434,0.012896559,0.01382344,0.014581168,0.0154583,0.01583015,0.016203033,0.016453634,0.017127479,0.020841661,0.020834304,0.023338125,0.02549072,0.028577142,0.032544239,0.03355618,0.032905795,0.034881508,0.04843582,0.061170144,0.071990378,0.082775849,0.090334322,0.097162792,0.1155296,0.126559902
INTL.4418-1-FLK-QBTU.A,        Falkland Islands,0,0,0,0,0,0,0,0,0,0,0,0,0,0,0,0,0,0,0,0,0,0,0,0,0,0,0,0,0.000019708,0.00001952,0.00004878,0.000058296,0.000066612,0.000066787,0.00006657,0.000083871,0.000083088,0.000082917
INTL.4418-1-FRO-QBTU.A,        Faroe Islands,0.000509012,0.000512197,0.000512246,0.00051548,0.00051156,0.000511903,0.000511854,0.000510531,0.000640088,0.000740672,0.000769748,0.000772264,0.000858386,0.000752557,0.000784016,0.000783712,0.00073414,0.000776188,0.000795366,0.00071582,0.000775276,0.000785308,0.000986781,0.000891,0.001011616,0.001079892,0.001140685,0.001176196,0.001064232,0.00103456,0.000790236,0.001039612,0.00104676,0.001059051,0.00148356,0.001751972,0.001449424,0.00156621
INTL.4418-1-FJI-QBTU.A,        Fiji,0,0,0,0.00051548,0.0029754,0.003040077,0.003645654,0.003813354,0.003582428,0.003619904,0.004171202,0.004184836,0.004198852,0.004185454,0.004394616,0.00458884,0.00461164,0.00459585,0.004466286,0.00480622,0.005171907,0.005610819,0.005666361,0.00443475,0.004717536,0.004410559,0.004494299,0.00596104,0.005952801,0.005378736,0.004715075,0.005140736,0.00561444,0.005600567,0.00460284,0.004454482,0.005114528,0.005150067
INTL.4418-1-FIN-QBTU.A,        Finland,0.10507462,0.141303654,0.135462932,0.1414414,0.1369206,0.127568317,0.128130636,0.142302702,0.136576196,0.1345728,0.165454212,0.18852634,0.205898878,0.199004936,0.187152872,0.200217792,0.18505498,0.207517947,0.251009352,0.218815948,0.237642496,0.222428158,0.201791628,0.19373175,0.257135859,0.235186604,0.223509237,0.243188138,0.279403461,0.223614762,0.250250789,0.245408132,0.284646366,0.259770786,0.266374449,0.302041665,0.299316566,0.293876274
INTL.4418-1-CSK-QBTU.A,        Former Czechoslovakia,0.0498624,0.0439026,0.0386798,0.041028,0.033408,0.0449221,0.041784,0.050563407,0.04496102,0.044116928,0.040765438,0.032549884,0.037251884,--,--,--,--,--,--,--,--,--,--,--,--,--,--,--,--,--,--,--,--,--,--,--,--,--
INTL.4418-1-SCG-QBTU.A,        Former Serbia and Montenegro,--,--,--,--,--,--,--,--,--,--,--,--,0.11614066,0.107162055,0.113641056,0.124476152,0.14751044,0.129051468,0.130144311,0.135422918,0.12118788,0.127364558,0.118342509,0.098739,0.11027616,0.119108088,--,--,--,--,--,--,--,--,--,--,--,--
INTL.4418-1-SUN-QBTU.A,        Former U.S.S.R.,1.9116517,1.933731829,1.83425884,1.89555672,2.1209382,2.142115562,2.229980742,2.265778254,2.359157888,2.305722368,2.399710194,2.428238044,--,--,--,--,--,--,--,--,--,--,--,--,--,--,--,--,--,--,--,--,--,--,--,--,--,--
INTL.4418-1-YUG-QBTU.A,        Former Yugoslavia,0.289492784,0.261784932,0.24352593,0.22747396,0.2677338,0.254520261,0.286993404,0.27068562,0.264418288,0.242606592,0.203889602,0.197543044,--,--,--,--,--,--,--,--,--,--,--,--,--,--,--,--,--,--,--,--,--,--,--,--,--,--
INTL.4418-1-FRA-QBTU.A,        France,0.7206675,0.748288458,0.734330776,0.72347092,0.6834546,0.64322179,0.651370776,0.729757179,0.77781016,0.498472256,0.572099598,0.612321864,0.731826906,0.687339079,0.832004512,0.774058852,0.698445835,0.681004954,0.663425261,0.775799076,0.735227037,0.82932821,0.680357889,0.668501936,0.672724518,0.601250947,0.658020938,0.715823437,0.831695597,0.800044043,0.875774898,0.750437114,0.92792179,1.063376144,1.012334252,0.976123891,1.021079678,0.876405051
INTL.4418-1-GUF-QBTU.A,        French Guiana,0,0,0,0,0,0,0,0,0,0,0,0,0,0,0,0,0,0,0,0,0,0.00547649,0.005584977,0.005781375,0.005939488,0.006159384,0.006338241,0.006553092,0.006789406,0.00693936,0.007297488,0.006791484,0.00589992,0.005218927,0.00536364,0.005181364,0.004671392,0.00571206
INTL.4418-1-PYF-QBTU.A,        French Polynesia,0,0,0,0.00016832,0.00025056,0.000334304,0.00036561,0.000364665,0.000598792,0.000667648,0.000717738,0.000772264,0.00093078,0.000969046,0.000990336,0.001289,0.00137522,0.001358329,0.001539747,0.000889662,0.001183316,0.001084965,0.001332663,0.00155925,0.001782848,0.001789821,0.0019838,0.002204132,0.002089048,0.00205936,0.002705339,0.002237595,0.002058311,0.001977849,0.001885833,0.001894553,0.002061506,0.001937494
INTL.4418-1-GAB-QBTU.A,        Gabon,0.002669716,0.004264824,0.005038828,0.00569132,0.00630576,0.00689502,0.00694659,0.006959892,0.006906756,0.007229376,0.007291802,0.007388688,0.007404872,0.007329699,0.007716368,0.008167104,0.00795146,0.008252104,0.008269767,0.00848758,0.008181202,0.009051708,0.009369333,0.00909225,0.008924256,0.008109189,0.009353617,0.0079072,0.008799622,0.00921344,0.008848692,0.008180872,0.008678592,0.008958999,0.00758898,0.008582799,0.008825792,0.008273274
INTL.4418-1-GMB-QBTU.A,"        Gambia, The",0,0,0,0,0,0,0,0,0,0,0,0,0,0,0,0,0,0,0,0,0,0,0,0,0,0.000009999,0.000009919,0.000019768,0.000019708,0.000030256,3.21948E-05,3.49776E-05,2.94996E-05,2.95771E-05,0.000029481,2.88889E-05,2.86192E-05,2.85603E-05
INTL.4418-1-GEO-QBTU.A,        Georgia,--,--,--,--,--,--,--,--,--,--,--,--,0.066592138,0.067379624,0.069158464,0.053117112,0.0614196,0.061145231,0.064322676,0.065221428,0.059176001,0.056697171,0.068148927,0.065417625,0.059985824,0.061733826,0.052193778,0.066717,0.06986486,0.07161888,0.090467388,0.075891676,0.068048916,0.078121708,0.07847652,0.077990711,0.08534984,0.084814878
INTL.4418-1-DEU-QBTU.A,        Germany,--,--,--,--,--,--,--,--,--,--,--,0.215826916,0.245426002,0.253312748,0.29287124,0.319434824,0.32889472,0.291111352,0.320267376,0.34011676,0.428459162,0.483961831,0.544850738,0.581563891,0.689165239,0.735542615,0.870013258,1.063458217,1.097683658,1.108038676,1.232971756,1.410942889,1.563549976,1.654025351,1.769451505,1.957644833,1.954318464,2.055291318
INTL.4418-1-DDR-QBTU.A,"        Germany, East",0.017223304,0.017958254,0.018273592,0.01770516,0.01824912,0.018365826,0.018458082,0.017983194,0.017746956,0.016180032,0.014448378,--,--,--,--,--,--,--,--,--,--,--,--,--,--,--,--,--,--,--,--,--,--,--,--,--,--,--
INTL.4418-1-DEUW-QBTU.A,"        Germany, West",0.23154852,0.236540937,0.234368226,0.21838468,0.21663,0.205523831,0.216409782,0.230864202,0.231598292,0.219896128,0.213792306,--,--,--,--,--,--,--,--,--,--,--,--,--,--,--,--,--,--,--,--,--,--,--,--,--,--,--
INTL.4418-1-GHA-QBTU.A,        Ghana,0.054807088,0.055829473,0.051653214,0.026826,0.01878156,0.031299212,0.045847494,0.048208713,0.049668764,0.054016896,0.058916928,0.0633987,0.067595312,0.064204452,0.062236428,0.062243232,0.06782006,0.069264566,0.038667024,0.052326442,0.066898158,0.067753481,0.050865,0.0390825,0.052503872,0.055864413,0.055278587,0.0365708,0.060592246,0.06660224,0.067726152,0.072879716,0.076185096,0.07794997,0.07918026,0.054134071,0.051311456,0.051730995
INTL.4418-1-GIB-QBTU.A,        Gibraltar,0,0,0,0,0,0,0,0,0,0,0,0,0,0,0,0,0,0,0,0,0,0,0,0,0,0,0,0,0,0,0,0,0,0,0,0,0,0
INTL.4418-1-GRC-QBTU.A,        Greece,0.035277648,0.035519294,0.037122154,0.02452212,0.02977488,0.029168024,0.033657012,0.02886063,0.024354316,0.019706048,0.018234706,0.03203852,0.024055492,0.024731291,0.027708776,0.037453184,0.04609572,0.040770296,0.03987027,0.050148304,0.04355827,0.031143662,0.037202661,0.060598125,0.06019616,0.064553544,0.077669428,0.049035437,0.059268496,0.082692135,0.108632937,0.084447934,0.092076487,0.141290759,0.120382694,0.14100098,0.143923638,0.1271394
INTL.4418-1-GRL-QBTU.A,        Greenland,0,0,0,0,0,0,0,0,0,0,0,0,0,0,0,0,0,0,0,0.001748646,0.001744371,0.001632614,0.001851486,0.0018225,0.001923072,0.002029797,0.001944124,0.002016336,0.001990508,0.0025864,0.002858508,0.00325486,0.003254472,0.003568334,0.00372792,0.003904661,0.003665104,0.003537792
INTL.4418-1-GRD-QBTU.A,        Grenada,0,0,0,0,0,0,0,0,0,0,0,0,0,0,0,0,0,0,0,0,0,0,0,0,0,0,0,9.88E-07,9.85E-07,9.76E-07,2.04876E-05,3.01196E-05,2.94996E-05,2.95771E-05,0.00014265,0.000018638,0.000027696,0.000036852
INTL.4418-1-GLP-QBTU.A,        Guadeloupe,0,0,0,0,0,0,0.00031338,0.00031257,0.00030972,0.00031296,0.00031206,0.00031308,0.00031026,0.000319579,0.000319796,0.000319672,0.00032054,0.000357455,0.00040788,0.00040904,0.001285326,0.001115964,0.001302144,0.00216675,0.002343744,0.002179782,0.002221856,0.002243668,0.002079194,0.00213744,0.002126808,0.002263828,0.001941264,0.001927282,0.00207318,0.001947671,0.001818704,0.001925517
INTL.4418-1-GUM-QBTU.A,        Guam,0,0,0,0,0,0,0,0,0,0,0,0,0,0,0,0,0,0,0,0,0,0,0,0,0,0,0,0,0,9.76E-07,1.9512E-06,1.9432E-06,5.7096E-06,0.000019082,0.00002853,0.000288889,0.000609312,0.00055278
INTL.4418-1-GTM-QBTU.A,        Guatemala,0.005889996,0.004118482,0.00564516,0.0089946,0.00685908,0.007615863,0.018364068,0.018212412,0.019677544,0.022491392,0.025079222,0.025630816,0.02228701,0.023411739,0.024840928,0.0239754,0.0237303,0.02400055,0.022657734,0.031271108,0.033489883,0.030627012,0.027996096,0.043304625,0.041756704,0.043175682,0.047377558,0.05033496,0.051021844,0.04203632,0.054914573,0.056972681,0.063735345,0.069393625,0.073416653,0.06613417,0.071847881,0.081857505
INTL.4418-1-GIN-QBTU.A,        Guinea,0.001537424,0.001547044,0.001547192,0.00160956,0.0016182,0.001681967,0.001702698,0.001719135,0.001734432,0.00177344,0.001799546,0.001836736,0.001840876,0.00185562,0.001877512,0.001969592,0.0020163,0.002910705,0.003130479,0.003998366,0.004141606,0.005641818,0.005991897,0.0040095,0.005498784,0.004889511,0.004523064,0.005268172,0.005163496,0.005054704,0.004711172,0.004021452,0.00463334,0.004598762,0.00406077,0.008321867,0.010099808,0.010336986
INTL.4418-1-GNB-QBTU.A,        Guinea-Bissau,0,0,0,0,0,0,0,0,0,0,0,0,0,0,0,0,0,0,0,0,0,0,0,0,0,0,0,0,0,0,0,0,0,0,0.000002853,0.000009319,0.000009232,0.000009213
INTL.4418-1-GUY-QBTU.A,        Guyana,0.00005194,0.000052265,0.00005227,0.0000526,0.0000522,0.000052235,0.00005223,0.000052095,0.00005162,0.00005216,0.00005201,0.00005218,0.00005171,0.000051545,0.00005158,0.00005156,0.0000517,0.000051065,0.000061182,0.000061356,0.000418241,0.000485651,0.000569688,0.000516375,0.000560896,0.000451955,0.000449331,0.000468502,0.000447372,0.00044408,0.000464386,0.000522721,0.000437736,0.000400722,0.00053256,0.000532115,0.000462523,0.000387867
INTL.4418-1-HTI-QBTU.A,        Haiti,0.002378852,0.002446002,0.002697132,0.00281936,0.00290232,0.003207229,0.003488964,0.003459108,0.003427568,0.003463424,0.003827936,0.00360042,0.003288756,0.002793739,0.002382996,0.002578,0.00278146,0.002022174,0.003089691,0.00270989,0.00285628,0.00289324,0.002614461,0.0025515,0.002574112,0.002619738,0.002658292,0.001502368,0.001763866,0.0020008,0.00171608,0.001174664,0.002103036,0.001354822,0.00086541,0.000857348,0.00083088,0.00082917
INTL.4418-1-HITZ-QBTU.A,        Hawaiian Trade Zone,0,0,0,0,0,0,0,--,--,--,--,--,--,--,--,--,--,--,--,--,--,--,--,--,--,--,--,--,--,--,--,--,--,--,--,--,--,--
INTL.4418-1-HND-QBTU.A,        Honduras,0.008019536,0.008581913,0.008844084,0.00874212,0.0090306,0.009047102,0.013287312,0.011783889,0.017953436,0.0190384,0.021490532,0.021894728,0.02244214,0.023102469,0.0185688,0.017076672,0.02087646,0.021079632,0.019415088,0.02157686,0.022829838,0.019570702,0.01637853,0.01782,0.014633376,0.01859814,0.021732529,0.023098908,0.02429011,0.02866512,0.03287772,0.030585968,0.031935696,0.030693397,0.02996601,0.034703956,0.040214592,0.048718344
INTL.4418-1-HKG-QBTU.A,        Hong Kong,0,0,0,0,0,0,0,0,0,0,0,0,0,0,0,0,0,0,0,0,0,0,0,0,0,0,0.000009919,0.000009884,0.000009854,0.00000976,0.001063742,0.001911387,0.001062035,0.001492981,0.005114245,0.000969176,0.00101552,0.00101343
INTL.4418-1-HUN-QBTU.A,        Hungary,0.001153068,0.001735198,0.001651732,0.00160956,0.00186876,0.001598391,0.001587792,0.001739973,0.001724108,0.001627392,0.00218442,0.00250464,0.002554474,0.002484469,0.002568684,0.002722368,0.00306064,0.003155817,0.002702205,0.003057574,0.003019496,0.003213563,0.002685672,0.003715875,0.00961536,0.01952811,0.016878834,0.021037202,0.032833485,0.036173401,0.038836428,0.035339168,0.037245474,0.039581229,0.042990129,0.046538481,0.047721826,0.034263147
INTL.4418-1-ISL-QBTU.A,        Iceland,0.032233964,0.033627301,0.03737305,0.0396604,0.04093524,0.040200056,0.042389868,0.043259688,0.045570136,0.046672768,0.046413724,0.04638802,0.046507974,0.048215193,0.04879468,0.0507866,0.0524238,0.05647789,0.06342534,0.072839798,0.077680615,0.082281679,0.08484282,0.085282875,0.085616768,0.086101389,0.097731907,0.117530644,0.161024214,0.16307984,0.163354464,0.163704884,0.164560188,0.171690295,0.16929702,0.172904726,0.167736208,0.173609772
INTL.4418-1-IND-QBTU.A,        India,0.48345752,0.51805068,0.50503274,0.5246324,0.5575482,0.527657076,0.556886706,0.489651324,0.591534228,0.641745344,0.738240342,0.752289496,0.71644205,0.720310448,0.8469436,0.7465888,0.71520746,0.765535841,0.849471282,0.842489462,0.786759523,0.799883474,0.739425332,0.869614634,0.966190347,1.158847663,1.299472358,1.400237568,1.380323534,1.389039652,1.447164426,1.692733887,1.587015903,1.866300404,1.883821507,1.878772035,2.138167675,2.280549168
INTL.4418-1-IDN-QBTU.A,        Indonesia,0.023206792,0.030386871,0.029083028,0.03302228,0.03551688,0.043846059,0.060262974,0.054637236,0.0686546,0.08209984,0.081041982,0.085116016,0.104381806,0.094110861,0.095969748,0.106770448,0.11494978,0.084543214,0.133866216,0.131680202,0.150882991,0.181633474,0.163612359,0.155084625,0.162780032,0.172422756,0.163177232,0.189540982,0.216369218,0.212453597,0.285799177,0.273336577,0.287203145,0.345823376,0.348552462,0.270857615,0.409504264,0.295497762
INTL.4418-1-IRN-QBTU.A,        Iran,0.057767668,0.064432292,0.06669652,0.06457176,0.06543792,0.06550269,0.064096656,0.066014784,0.065929064,0.069195456,0.062640844,0.07289546,0.09757677,0.100255025,0.076039236,0.074267024,0.07575084,0.070030541,0.070981317,0.050168756,0.037356062,0.05228498,0.081729882,0.11151675,0.105849088,0.16008399,0.180605152,0.1774178,0.050738246,0.07262228,0.094189339,0.118839372,0.120038079,0.142186557,0.135047619,0.132896768,0.153324278,0.141041817
INTL.4418-1-IRQ-QBTU.A,        Iraq,0.007095004,0.007139399,0.006314216,0.00624888,0.00630576,0.006309988,0.006204924,0.006293076,0.007257772,0.006196608,0.006282808,0.003203852,0.007167006,0.006123546,0.005715064,0.005815968,0.00583176,0.005872475,0.005985639,0.006125374,0.006171605,0.006323796,0.005208576,0.004343625,0.004887808,0.05939406,0.059861165,0.056131236,0.0339963,0.0311832,0.046028808,0.032674908,0.041375568,0.045367455,0.02814009,0.024024382,0.031333408,0.0138195
INTL.4418-1-IRL-QBTU.A,        Ireland,0.008653204,0.008937315,0.008279568,0.00816352,0.0070992,0.008608328,0.00950586,0.007011987,0.008899288,0.007135488,0.00717738,0.007701768,0.008418388,0.008092565,0.009727988,0.007599944,0.00781704,0.008190826,0.011838717,0.011412216,0.012006577,0.010549993,0.013967529,0.0114615,0.013902208,0.018707254,0.024584343,0.028596094,0.037165995,0.042590586,0.03919129,0.053748773,0.051683765,0.055388691,0.062593452,0.075052981,0.071200408,0.08319339
INTL.4418-1-ISR-QBTU.A,        Israel,0,0,0,0,0,0,0,0.00010419,0.00010324,0.000031296,0.000031206,0.000062616,0.000299918,0.00030927,0.00030948,0.0002578,0.00024816,0.000255325,0.000254925,0.000337458,0.000316231,0.00020666,0.000325536,0.000435375,0.000390624,0.000389961,0.000247975,0.000237216,0.000315328,0.00096624,0.00165852,0.002924516,0.004605744,0.005447911,0.00875871,0.011313266,0.015374973,0.015586553
INTL.4418-1-ITA-QBTU.A,        Italy,0.50683052,0.481977377,0.466112498,0.46491036,0.47216988,0.456199596,0.461107332,0.445568535,0.454235352,0.38400192,0.360335682,0.4719681,0.469857744,0.462884409,0.49444588,0.425380312,0.47596054,0.470278011,0.474170697,0.527221882,0.530540131,0.578080093,0.511084767,0.470598861,0.569595322,0.514136192,0.536103669,0.503987278,0.621529367,0.726880514,0.802034361,0.849970614,0.909433303,1.101380865,1.181744238,1.048023566,1.025852061,0.972597984
INTL.4418-1-JAM-QBTU.A,        Jamaica,0.001786736,0.001787463,0.001954898,0.00214608,0.00139896,0.001295428,0.001702698,0.001937934,0.001899616,0.002232448,0.002153214,0.001732376,0.0020684,0.002216435,0.002486156,0.002248016,0.00235752,0.002440907,0.002192355,0.002219042,0.002213617,0.001487952,0.003732393,0.004869662,0.004621332,0.005220853,0.009301838,0.008813774,0.010888303,0.00315248,0.00321948,0.003682364,0.003968172,0.003644662,0.00379449,0.003932618,0.007049293,0.006872898
INTL.4418-1-JPN-QBTU.A,        Japan,0.9232335,0.919048666,0.94613927,0.9919834,0.88373556,0.98922643,0.979302054,0.92437368,1.09284702,1.12467392,1.047210948,1.138974604,0.978580724,1.106836094,0.828003424,1.00134676,1.0001365,1.09718259,1.123597233,1.070692878,1.279184998,1.270122027,1.248695058,1.395741375,1.377540544,1.249705017,1.36218434,1.238929857,1.200791327,1.198254775,1.301127922,1.330799955,1.249679133,1.452322217,1.584393314,1.709766792,1.728176554,1.912839912
INTL.4418-1-JOR-QBTU.A,        Jordan,0,0,0,0,0,0,0.000031338,0.000197961,0.000278748,0.000177344,0.000197638,0.000083488,0.000165472,0.000237107,0.00015474,0.000195928,0.00023782,0.00020426,0.000163152,0.000173842,0.000428442,0.000475318,0.00061038,0.00050625,0.000610976,0.000639936,0.000585221,0.000711648,0.000719342,0.00066368,0.000702432,0.00063154,0.000656604,0.000601083,0.00061815,0.002162008,0.008825792,0.012778431
INTL.4418-1-KAZ-QBTU.A,        Kazakhstan,--,--,--,--,--,--,--,--,--,--,--,--,0.070294574,0.077863877,0.093741492,0.085053376,0.07504772,0.065710442,0.06199776,0.062082046,0.076058656,0.082664,0.089532573,0.086457375,0.079887616,0.077762223,0.076287029,0.080026585,0.072781644,0.06647536,0.077491908,0.07583338,0.071979024,0.073093601,0.07834338,0.087552005,0.109980816,0.106677327
INTL.4418-1-KEN-QBTU.A,        Kenya,0.012278616,0.016128979,0.016904118,0.0195672,0.019314,0.022377474,0.023336364,0.024182499,0.028742016,0.030597056,0.031611678,0.033875256,0.033652868,0.035617595,0.03528072,0.037566616,0.0396539,0.037931082,0.038269341,0.029819016,0.020983457,0.032807275,0.03855567,0.04384125,0.041977056,0.043155684,0.045369506,0.0474432,0.040765998,0.036892014,0.05013014,0.050417616,0.057845665,0.057330358,0.062020904,0.080227855,0.075079481,0.075316275
INTL.4418-1-KIR-QBTU.A,        Kiribati,0,0,0,0,0,0,0,0,0,0,0,0,0,0,0,0,0,0,0,0,0,0,0,0,0,3.9996E-06,3.9676E-06,3.9536E-06,0.000004927,0.00000488,6.8292E-06,6.8012E-06,7.6128E-06,7.6328E-06,0.00000951,0.000037276,0.00004616,0.000046065
INTL.4418-1-XKS-QBTU.A,        Kosovo,--,--,--,--,--,--,--,--,--,--,--,--,--,--,--,--,--,--,--,--,--,--,--,--,--,--,--,--,0.00073905,0.00116144,0.001531692,0.001039612,0.000932568,0.001383445,0.00144552,0.001323298,0.002271995,0.001667553
INTL.4418-1-KWT-QBTU.A,        Kuwait,0,0,0,0,0,0,0,0,0,0,0,0,0,0,0,0,0,0,0,0,0,0,0,0,0,0,0,0,0,0,0,-1.00E-39,0,1.9082E-06,0.00002853,0.000046595,0.000027696,0.000202686
INTL.4418-1-KGZ-QBTU.A,        Kyrgyzstan,--,--,--,--,--,--,--,--,--,--,--,--,0.09509469,0.092719146,0.119737812,0.113504184,0.12544488,0.110555725,0.100379268,0.122926746,0.138182746,0.127157898,0.108637467,0.135482625,0.139753248,0.12658734,0.122469893,0.124627356,0.098766642,0.0987224,0.107286732,0.136004568,0.133576092,0.123994836,0.12519915,0.102406491,0.105050928,0.129543993
INTL.4418-1-LAO-QBTU.A,        Laos,0.00955696,0.011383317,0.011896652,0.01071988,0.0098136,0.008953079,0.008555274,0.005532489,0.005027788,0.006895552,0.008498434,0.009141936,0.008873436,0.008937903,0.008799548,0.010745104,0.01234596,0.011887932,0.018374994,0.023765224,0.033428677,0.034067901,0.032675676,0.028674,0.030027968,0.03509649,0.0357084,0.03330908,0.03665688,0.0328912,0.08160894,0.124743724,0.123007622,0.146511596,0.14384826,0.129608652,0.16405264,0.170265453
INTL.4418-1-LVA-QBTU.A,        Latvia,--,--,--,--,--,--,--,--,--,--,--,--,0.025834316,0.029339414,0.033753952,0.029987296,0.01904628,0.029862812,0.030509424,0.027927206,0.028511795,0.029046063,0.025015407,0.023439375,0.031961452,0.034144959,0.027880905,0.028427319,0.032835172,0.036537627,0.03727435,0.032019249,0.041429464,0.035162523,0.028780054,0.028081956,0.034640647,0.05007634
INTL.4418-1-LBN-QBTU.A,        Lebanon,0.008736308,0.008790973,0.006721922,0.00582808,0.00604476,0.006048813,0.005787084,0.006293076,0.006132456,0.00516384,0.003089394,0.00516582,0.00563639,0.007350317,0.008345644,0.00732152,0.0081686,0.009109996,0.007923069,0.003364354,0.004539445,0.00340989,0.006826083,0.013658625,0.011107744,0.010358964,0.006824272,0.005722836,0.003636126,0.00601216,0.008107236,0.007743652,0.009496968,0.01202166,0.00187347,0.00447312,0.003545088,0.003252189
INTL.4418-1-LSO-QBTU.A,        Lesotho,0,0,0,0,0,0,0,0,0,0,0,0,0,0,0,0,0,0,0,0.00199407,0.002937888,0.002944905,0.003194322,0.003290625,0.002974752,0.004589541,0.005207475,0.005475736,0.005754736,0.00632448,0.006770664,0.00476084,0.004624776,0.004913615,0.0049452,0.004948389,0.004652928,0.004615713
INTL.4418-1-LBR-QBTU.A,        Liberia,0.003438428,0.003282242,0.003428912,0.0033664,0.00232812,0.002705773,0.00329049,0.003292404,0.003314004,0.003244352,0,0,0,0,0,0,0,0,0,0,0,0,0,0,0,0,0,0,0,0,0,0,0,0,0,0,0,0.000027639
INTL.4418-1-LBY-QBTU.A,        Libya,0,0,0,0,0,0,0,0,0,0,0,0,0,0,0,0,0,0,0,0,0,0,0,0,0,0,0,0,0,0,0.000058536,0.000058296,0.000066612,0.000076328,0.00007608,0.000074552,0.000073856,0.000073704
INTL.4418-1-LTU-QBTU.A,        Lithuania,--,--,--,--,--,--,--,--,--,--,--,--,0.003185336,0.004010201,0.004611252,0.003805128,0.00333982,0.002971983,0.004211361,0.004182434,0.003427536,0.003347892,0.003601242,0.00334125,0.004377402,0.004953439,0.005056445,0.007051674,0.0089249,0.011445363,0.013398288,0.014438784,0.015555524,0.019181633,0.018978026,0.019749372,0.024026818,0.024018291
INTL.4418-1-LUX-QBTU.A,        Luxembourg,0.00119462,0.001337984,0.001223118,0.0012098,0.00128412,0.001086488,0.001211736,0.001489917,0.001455684,0.001126656,0.001081808,0.001262756,0.001044542,0.001092754,0.001629928,0.00144368,0.00104434,0.001337903,0.00173349,0.00158503,0.002060602,0.002076933,0.001871832,0.001701,0.002283648,0.002389761,0.00277732,0.003004736,0.002778828,0.00259616,0.003014604,0.002982812,0.003463824,0.004045384,0.0042795,0.004594267,0.004809872,0.006200349
INTL.4418-1-MAC-QBTU.A,        Macau,0,0,0,0,0,0,0,0,0,0,0,0,0,0,0,0,0,0,0,0,0,0,0,0,0,0,0,0,0,0,0,0,0,0,0,0,0,0
INTL.4418-1-MDG-QBTU.A,        Madagascar,0.001516648,0.001588856,0.002362604,0.0025774,0.00263088,0.002663985,0.002778636,0.002979834,0.0030972,0.003275648,0.003515876,0.003464752,0.003536964,0.003546296,0.003579652,0.003805128,0.00435314,0.00459585,0.0050985,0.00526639,0.00550854,0.005455824,0.005442555,0.0061155,0.006350144,0.006409359,0.006258889,0.007037408,0.006818968,0.00716384,0.00687798,0.006713756,0.007194096,0.007747292,0.00838782,0.007716132,0.008871952,0.008429895
INTL.4418-1-MWI-QBTU.A,        Malawi,0.004030544,0.003961687,0.00436392,0.004920459,0.005104972,0.005170189,0.005545775,0.006073901,0.006073224,0.006164611,0.007510293,0.008014047,0.008203468,0.008208338,0.008626375,0.008839683,0.009008452,0.009234607,0.010536164,0.010097511,0.011073872,0.011461071,0.011847146,0.012167099,0.013241548,0.013758749,0.013978076,0.014216307,0.015731592,0.015375198,0.017791206,0.018276657,0.018624583,0.018594653,0.019477055,0.019253346,0.019478742,0.017615256
INTL.4418-1-MYS-QBTU.A,        Malaysia,0.014522424,0.016494834,0.01348566,0.01771568,0.03546468,0.039447872,0.042118272,0.050646759,0.057886668,0.054069056,0.041067096,0.045532268,0.044636072,0.049720307,0.066620728,0.063480672,0.05306488,0.039126003,0.048976191,0.07613257,0.07487534,0.065831543,0.053387904,0.057641625,0.057782304,0.051384861,0.0653759,0.068591222,0.081745685,0.087025865,0.076839733,0.090657315,0.102787573,0.129377525,0.142719396,0.153145307,0.207009215,0.253154814
INTL.4418-1-MDV-QBTU.A,        Maldives,0,0,0,0,0,0,0,0,0,0,0,0,0,0,0,0,0,0,0,0,0,0,0,0,0,0,0,0.000019768,0.000019708,0.00001952,2.04876E-05,2.13752E-05,0.000019032,0.000019082,0.00001902,0.000018638,0.000018464,0.000018426
INTL.4418-1-MLI-QBTU.A,        Mali,0.000862204,0.000857146,0.00109767,0.00128344,0.00138852,0.001389451,0.001650468,0.00166704,0.001713784,0.001752576,0.001882762,0.001899352,0.002151136,0.002247362,0.00226952,0.002299576,0.0021714,0.002318351,0.00234531,0.00235198,0.002376833,0.002417922,0.002400828,0.00236925,0.002483968,0.004469553,0.004751201,0.004655364,0.005636488,0.00655872,0.007248708,0.0075299,0.007926828,0.00963641,0.00996648,0.010083158,0.010810672,0.011083239
INTL.4418-1-MLT-QBTU.A,        Malta,0,0,0,0,0,0,0,0,0,0,0,0,0,0,0,0,0,0,0,0,0,0,0,0,0,0,0,0,0,0.00000976,5.8621E-05,0.000136269,0.000295572,0.00036303,0.000751824,0.000954266,0.001250013,0.00152383
INTL.4418-1-MTQ-QBTU.A,        Martinique,0,0,0,0,0,0,0,0,0,0,0,0,0,0,0,0,0,0,0,0,0,0,0.000152595,0.000151875,0.00015024,0.000169983,0.000317408,0.000336056,0.000325182,0.00032208,0.0002439,0.000155456,0.000199836,0.000171738,0.00023775,0.000270251,0.00027696,0.000239538
INTL.4418-1-MRT-QBTU.A,        Mauritania,0.0002597,0.00031359,0.000397252,0.00041028,0.00037584,0.000323857,0.000188028,0.000260475,0.0002581,0.0002608,0.00026005,0.0002609,0.000268892,0.000268034,0.000288848,0.000288736,0.00028952,0.00030639,0.000285516,0.00030678,0.000326432,0.000351322,0.000345882,0.000415125,0.000440704,0.000489951,0.000505869,0.000533736,0.00059124,0.0010736,0.001131696,0.00126308,0.001294176,0.001994069,0.00212073,0.00298208,0.003702032,0.003602283
INTL.4418-1-MUS-QBTU.A,        Mauritius,0.000851816,0.000616727,0.000972222,0.0003682,0.0006786,0.001190958,0.001138614,0.001448241,0.001022076,0.001533504,0.000873768,0.000772264,0.001158304,0.001061827,0.0007737,0.001381808,0.00105468,0.000939596,0.001060488,0.00317006,0.005151505,0.00537316,0.005239095,0.005538375,0.005719136,0.005429457,0.004919824,0.005169332,0.005843422,0.006484538,0.007042553,0.005980432,0.006061528,0.00620456,0.006441655,0.007008239,0.006793974,0.005739699
INTL.4418-1-MEX-QBTU.A,        Mexico,0.1828288,0.264189122,0.250519656,0.23010396,0.25872408,0.288431223,0.242482998,0.235208925,0.26465574,0.303289536,0.295094338,0.298114776,0.34981815,0.352505946,0.286650692,0.368468384,0.3989172,0.338693719,0.324417555,0.406094912,0.412130601,0.375284227,0.331690665,0.2879955,0.3412952,0.377792217,0.388586744,0.366113244,0.461443112,0.335988,0.440492749,0.432950491,0.400094918,0.373163018,0.497241268,0.435122487,0.439108595,0.465652659
INTL.4418-1-FSM-QBTU.A,        Micronesia,0,0,0,0,0,0,0,0,0,0,0,0,0,0,0,0,0,0,0,0,0,0,0,0,0,0,0,0,0,0,0,0,0,0,0,0,0,0
INTL.4418-1-MDA-QBTU.A,        Moldova,--,--,--,--,--,--,--,--,--,--,--,--,0.00263721,0.003824639,0.0028369,0.003310152,0.00374308,0.003860514,0.003946239,0.003712038,0.003998792,0.003709547,0.003540204,0.00362475,0.0035056,0.003589641,0.003620435,0.003498936,0.00379379,0.00345504,0.003931668,0.003381168,0.002531256,0.002995874,0.00315732,0.002646596,0.002280304,0.002892882
INTL.4418-1-MNG-QBTU.A,        Mongolia,0,0,0,0,0,0,0,0,0,0,0,0,0,0,0,0,0,0,0,0,0,0,0,0,0,4.39956E-05,4.36436E-05,4.34896E-05,7.29196E-05,0.000218624,0.000429264,0.000592676,0.00057096,0.001202166,0.00193053,0.002059499,0.002040272,0.003648348
INTL.4418-1-MNE-QBTU.A,        Montenegro,--,--,--,--,--,--,--,--,--,--,--,--,--,--,--,--,--,--,--,--,--,--,--,--,--,--,0.017189627,0.012562564,0.015017496,0.020008,0.026565588,0.011581472,0.013912392,0.023652139,0.01649034,0.013754844,0.0168484,0.010235643
INTL.4418-1-MSR-QBTU.A,        Montserrat,0,0,0,0,0,0,0,0,0,0,0,0,0,0,0,0,0,0,0,0,0,0,0,0,0,0,0,0,0,0,0,0,0,0,0,0,0,0
INTL.4418-1-MAR-QBTU.A,        Morocco,0.015446956,0.010777043,0.006021504,0.00500752,0.00377928,0.004857855,0.00652875,0.008595675,0.009560024,0.01194464,0.012315968,0.012878024,0.009866268,0.004525651,0.008572596,0.00623876,0.02002858,0.021059206,0.017936523,0.008354642,0.007905775,0.011035644,0.010539228,0.0166455,0.017938656,0.011749825,0.011616141,0.011713528,0.012003157,0.028627056,0.039922528,0.026000988,0.022343568,0.039289838,0.03372246,0.041022238,0.042965728,0.042711468
INTL.4418-1-MOZ-QBTU.A,        Mozambique,0.139292692,0.034651695,0.030933386,0.0527052,0.00576288,0.001556603,0.000396948,0.000250056,0.000505876,0.0005216,0.002922962,0.00333952,0.003330124,0.003515369,0.003734392,0.003867,0.0046013,0.009875971,0.015162939,0.077778956,0.097552163,0.121278421,0.127966167,0.10935,0.116075424,0.131746824,0.144926509,0.157580612,0.147928248,0.164212,0.16131546,0.16235436,0.143365346,0.138055472,0.153054435,0.159592311,0.143614754,0.128825379
INTL.4418-1-NAM-QBTU.A,        Namibia,--,--,--,--,--,--,--,--,--,--,0,0,0,0,0,0.01154944,0.0087373,0.006168652,0.010013454,0.011831482,0.013934566,0.014011548,0.014710158,0.015157125,0.015885376,0.016408359,0.01577121,0.01541904,0.014544504,0.01362496,0.012058416,0.013514956,0.015149472,0.01202166,0.01398921,0.014230113,0.012952496,0.01556997
INTL.4418-1-NRU-QBTU.A,        Nauru,0,0,0,0,0,0,0,0,0,0,0,0,0,0,0,0,0,0,0,0,0,0,0,0,0,0,0,0,0,0,0,0,0,0,0,0,0,0
INTL.4418-1-NPL-QBTU.A,        Nepal,0.001828288,0.002174224,0.002153524,0.00330328,0.0034974,0.003468404,0.004512672,0.005657517,0.005750468,0.005591552,0.009122554,0.009402836,0.00858386,0.008917285,0.009531984,0.011827864,0.01208746,0.010733863,0.01142064,0.014285722,0.016484816,0.018919723,0.021342954,0.02268,0.023818048,0.024917508,0.026860652,0.027319376,0.027453244,0.03009008,0.03102408,0.033656224,0.033410676,0.033279008,0.03589074,0.032085317,0.03895904,0.043006284
INTL.4418-1-NLD-QBTU.A,        Netherlands,0.010388,0.010453,0.0031362,0.002104,0.0002088,0.004210141,0.005264784,0.007324557,0.008445032,0.01001472,0.012825666,0.014057292,0.014644272,0.016504709,0.018599748,0.020665248,0.02764916,0.030955603,0.035016498,0.03788733,0.045170028,0.049071417,0.055269909,0.056163375,0.068690124,0.091450917,0.096445946,0.095121705,0.113261006,0.132404303,0.141927118,0.159961774,0.168862973,0.173341311,0.170931764,0.186349045,0.182685132,0.177285759
INTL.4418-1-NLDA-QBTU.A,        Netherlands Antilles,0,0,0,0,0,0,0,0,0,0,0,0,0,0.000010309,0.000072212,0.000072184,0.00007238,0.000071491,0.000071379,0.000071582,0.00030603,0.00030999,0.00030519,0.00030375,0.00030048,0.00029997,0.00029757,0.00029652,0.00029562,0.0006344,0.000663408,0.000864724,0.002217228,0.002261217,0.00229191,0.00223656,0.00216952,0.002515149
INTL.4418-1-NCL-QBTU.A,        New Caledonia,0.002867088,0.002801404,0.004265232,0.00292456,0.00414468,0.005004113,0.004157508,0.002646426,0.005440748,0.005382912,0.004743312,0.00354824,0.003536964,0.003525678,0.003878816,0.00433104,0.0040326,0.00367668,0.004007421,0.004775542,0.004539445,0.00382321,0.003306225,0.003290625,0.003335328,0.003559644,0.003124485,0.004210584,0.004759482,0.00421632,0.003053628,0.004051572,0.004301232,0.004789582,0.00325242,0.003746238,0.0025388,0.003731265
INTL.4418-1-NZL-QBTU.A,        New Zealand,0.21742084,0.218415435,0.204605688,0.22136184,0.22692384,0.219272083,0.244196142,0.245700858,0.255766776,0.251922368,0.267726676,0.268226072,0.240048162,0.268477287,0.292334808,0.306194216,0.29331478,0.269071698,0.278357706,0.271950244,0.284414081,0.25811834,0.286044414,0.270934875,0.304055712,0.274412556,0.27723605,0.28174342,0.275895184,0.302400422,0.315017827,0.323067941,0.297565459,0.301543756,0.322372844,0.324372672,0.333956913,0.324472647
INTL.4418-1-NIC-QBTU.A,        Nicaragua,0.00560952,0.005466919,0.00475657,0.00367148,0.00556452,0.005860767,0.00485739,0.006230562,0.006101484,0.009785216,0.00816557,0.008265312,0.007466924,0.009113156,0.007623524,0.007352456,0.00742412,0.006393338,0.00458865,0.005358424,0.003826395,0.004496922,0.00616789,0.007041938,0.007047258,0.009008099,0.008004633,0.007788592,0.01291962,0.01199229,0.013359525,0.012752466,0.016808964,0.02107092,0.023015324,0.021489614,0.02253813,0.023511576
INTL.4418-1-NER-QBTU.A,        Niger,0,0,0,0,0,0,0,0,0,0,0,0,0,0,0,0,0,0,0,0,0,0,0,0,0,0,0,0,0,0,0,0,4.00E-41,0.000038164,0.00003804,0.000102509,0.000120016,0.000138195
INTL.4418-1-NGA-QBTU.A,        Nigeria,0.028296912,0.023947823,0.025026876,0.01952512,0.02682036,0.031111166,0.037542924,0.033872169,0.040965632,0.042760768,0.045175886,0.061269756,0.062031316,0.056864444,0.056799896,0.05614884,0.0563013,0.056549381,0.058296249,0.062255888,0.058135499,0.060582379,0.083062545,0.074793375,0.08052864,0.077022297,0.061626747,0.061063352,0.055941158,0.04389072,0.061726212,0.056751156,0.05367024,0.050719956,0.0507834,0.053220809,0.05156072,0.050929464
INTL.4418-1-NIU-QBTU.A,        Niue,0,0,0,0,0,0,0,0,0,0,0,0,0,0,0,0,0,0,0,0,0,0,0,0,0,0,0,0,0,0,0,0,0,0,0,0,0,0
INTL.4418-1-PRK-QBTU.A,        North Korea,0.109011672,0.111345356,0.113018194,0.11539388,0.11617632,0.127213119,0.13444002,0.140281416,0.1533114,0.1549152,0.160648488,0.1549746,0.145387836,0.135738603,0.140937192,0.144966096,0.1279575,0.108186309,0.102969306,0.104274522,0.103009698,0.108434502,0.106958922,0.117480375,0.123948,0.130001999,0.123933937,0.129950878,0.137243556,0.120792688,0.129436754,0.127001722,0.12722321,0.131345222,0.122464074,0.092364337,0.117111613,0.108676548
INTL.4418-1-MKD-QBTU.A,        North Macedonia,--,--,--,--,--,--,--,--,--,--,--,--,0.008449414,0.005329753,0.007179936,0.008177416,0.00870628,0.009099783,0.010931184,0.01406075,0.011812758,0.00640646,0.007619577,0.01377,0.014693472,0.014768523,0.016207646,0.010001362,0.008237756,0.012307429,0.02356091,0.013992263,0.010046436,0.015239959,0.012437282,0.019173199,0.01936096,0.011838705
INTL.4418-1-MNP-QBTU.A,        Northern Mariana Islands,0,0,0,0,0,0,0,0,0,0,0,0,0,0,0,0,0,0,0,0,0,0,0,0,0,0,0,0,0,0,0,0,0,0,0,0,0,0
INTL.4418-1-NOR-QBTU.A,        Norway,0.859264196,0.960379828,0.956614178,1.10148608,1.0951038,1.060088431,0.99623502,1.066707639,1.11468228,1.224956736,1.25006035,1.140331284,1.197231288,1.219688717,1.142115308,1.244122176,1.06680882,1.112849332,1.171258011,1.232989724,1.435556127,1.236105791,1.307016867,1.063935,1.085774464,1.352084778,1.18313832,1.321332656,1.370208554,1.22301584,1.147286088,1.18407214,1.364130874,1.241385512,1.30834838,1.301840925,1.338789979,1.330992897
INTL.4418-1-OMN-QBTU.A,        Oman,0,0,0,0,0,0,0,0,0,0,0,0,0,0,0,0,0,0,0,0,0,0,0,0,0,0,0,0,0,0,0,0,0,0,0,0,0,0
INTL.4418-1-PAK-QBTU.A,        Pakistan,0.089617276,0.093585709,0.098508042,0.11836052,0.13256712,0.126554958,0.14269236,0.157306062,0.170511184,0.175226304,0.174295912,0.18910032,0.216158142,0.198365778,0.233440764,0.236907888,0.21351066,0.223041707,0.226628325,0.19526547,0.18545418,0.205027386,0.237315744,0.283257,0.26802816,0.317308266,0.325887646,0.295303729,0.287760477,0.28393792,0.319918345,0.288575366,0.296200679,0.32294818,0.331552192,0.349397403,0.338244853,0.31443969
INTL.4418-1-PSE-QBTU.A,        Palestinian Territories,--,--,--,--,--,--,--,--,--,--,--,--,--,--,--,--,--,0,0,0,0,0,0,0,0,0,0,0,0,0,0,0,0,0,0,0,0,0.000009213
INTL.4418-1-PAN-QBTU.A,        Panama,0.01033606,0.015303192,0.012795696,0.01049896,0.0169128,0.020956682,0.022761834,0.021952833,0.02379682,0.023221632,0.023373294,0.021456416,0.019835956,0.023855026,0.02470682,0.024841608,0.03092694,0.029566635,0.021841974,0.031935798,0.034765008,0.025801501,0.034435605,0.028512,0.03771024,0.03709629,0.035867104,0.03662022,0.038913446,0.03789808,0.040721544,0.03964128,0.05100576,0.049408912,0.049694396,0.06244226,0.066930725,0.072404967
INTL.4418-1-PNG-QBTU.A,        Papua New Guinea,0.003241056,0.003209071,0.003146654,0.00400812,0.00423864,0.004345952,0.004721592,0.004511427,0.00454256,0.0046944,0.00473291,0.00474838,0.00470561,0.004690595,0.00474536,0.008888944,0.00965756,0.007179739,0.008759223,0.00930566,0.009527734,0.009651022,0.009491409,0.009952875,0.00946512,0.011913809,0.011560595,0.012518086,0.012401259,0.01229272,0.012394998,0.013451802,0.009530274,0.00972705,0.009942705,0.00969176,0.00955512,0.007656003
INTL.4418-1-PRY-QBTU.A,        Paraguay,0.007448196,0.008011612,0.007446599,0.008711469,0.009948943,0.042727154,0.124911166,0.193391329,0.206089305,0.253537225,0.283626256,0.307264745,0.281640129,0.32166854,0.372391366,0.430421173,0.464222937,0.514283109,0.513671364,0.526326443,0.540266519,0.463605722,0.4855833,0.518962635,0.515072998,0.507269643,0.52918747,0.527010687,0.543029373,0.533543689,0.525364853,0.557716607,0.571304855,0.575874565,0.526465964,0.520930017,0.589850515,0.545649138
INTL.4418-1-PER-QBTU.A,        Peru,0.07391062,0.084585676,0.089758044,0.0872108,0.09131868,0.100228518,0.107050608,0.114379782,0.108267788,0.109035264,0.109262608,0.120076616,0.101548098,0.121501874,0.131498052,0.132416392,0.13781152,0.135066925,0.140637024,0.148573554,0.164899165,0.181871133,0.183663342,0.18785925,0.175390176,0.18258274,0.19721055,0.196403856,0.191997986,0.195482562,0.200830745,0.21667932,0.212325327,0.22622907,0.229433396,0.238778507,0.242679532,0.287086293
INTL.4418-1-PHL-QBTU.A,        Philippines,0.0566146,0.066083866,0.074652014,0.071799,0.098658,0.106653423,0.107917626,0.09939726,0.111643736,0.11965504,0.119269332,0.113251472,0.102478878,0.109388799,0.125927412,0.12688916,0.13952796,0.134903517,0.142217559,0.187708456,0.197358747,0.180569175,0.175026465,0.1783215,0.188190624,0.182221776,0.201980042,0.186850915,0.204541796,0.201102947,0.177513512,0.196463366,0.202020045,0.19577237,0.19592041,0.205159796,0.214948214,0.212746596
INTL.4418-1-POL-QBTU.A,        Poland,0.02820342,0.025996611,0.019904416,0.02217616,0.01946016,0.024466874,0.021236718,0.020337888,0.021205496,0.01893408,0.017277722,0.019296164,0.019815272,0.018947942,0.021385068,0.023026696,0.02394744,0.026002298,0.029438739,0.027027318,0.026951042,0.031846306,0.032634984,0.02680537,0.036258316,0.048178656,0.053266027,0.061874964,0.077970926,0.10366999,0.126075297,0.146051297,0.188931997,0.192882961,0.219866834,0.245981946,0.245384625,0.2220333
INTL.4418-1-PRT-QBTU.A,        Portugal,0.084942676,0.054658737,0.07479837,0.08712664,0.10402416,0.115261751,0.09338724,0.099897372,0.130670868,0.066232768,0.10152352,0.101928412,0.056787922,0.09659533,0.119005376,0.095973784,0.16175896,0.144013513,0.142992531,0.08850603,0.132735412,0.163840048,0.100875468,0.180468,0.125029728,0.085171482,0.161391945,0.169110297,0.152765743,0.190259483,0.28906704,0.249674543,0.197461441,0.293600879,0.312456015,0.240840377,0.310359277,0.208130883
INTL.4418-1-PRI-QBTU.A,        Puerto Rico,0.002119152,0.001296172,0.001087216,0.0011572,0.0014094,0.001911801,0.002329458,0.002677683,0.002808128,0.002837504,0.001425074,0.001241884,0.00139617,0.00123708,0.000691172,0.000897144,0.0013959,0.001041726,0.001050291,0.001625934,0.001550552,0.001374289,0.001159722,0.001042875,0.001412256,0.001379862,0.001408498,0.001620976,0.001537224,0.001706048,0.001568765,0.001474889,0.001170468,0.002795513,0.00329046,0.003615772,0.003582016,0.003399597
INTL.4418-1-QAT-QBTU.A,        Qatar,0,0,0,0,0,0,0,0,0,0,0,0,0,-1.00E-39,0,0,0,0,0,0,0,0,0,0,0,0,0,0,0,0,0,0.001127056,0.001103856,0.001135379,0.00116022,0.001136918,0.001135536,0.001133199
INTL.4418-1-REU-QBTU.A,        Reunion,0.003137176,0.00386761,0.004411588,0.00450256,0.00421776,0.005045901,0.005191662,0.005459556,0.004315432,0.005132544,0.005658688,0.004758816,0.00506758,0.005082337,0.005085788,0.005125064,0.00517,0.005504807,0.005618547,0.005654978,0.008313815,0.008349064,0.00824013,0.0081405,0.008723936,0.008449155,0.008510502,0.008935136,0.008957286,0.00830576,0.008868204,0.00806428,0.009249552,0.010075296,0.00892038,0.009682441,0.009232,0.009627585
INTL.4418-1-ROU-QBTU.A,        Romania,0.129912328,0.131760065,0.122635874,0.10450568,0.11701152,0.123002978,0.111657294,0.115505034,0.139177844,0.130389568,0.113090544,0.147220652,0.12038088,0.131017081,0.133241456,0.170447048,0.16127298,0.177144485,0.190694097,0.185162182,0.14924063,0.152659742,0.161608278,0.132931125,0.163781632,0.200099988,0.180287744,0.157462751,0.171600145,0.153613455,0.197591128,0.162508429,0.145778415,0.196290066,0.260973111,0.247272698,0.251881718,0.22240182
INTL.4418-1-RUS-QBTU.A,        Russia,--,--,--,--,--,--,--,--,--,--,--,--,1.778886052,1.788085741,1.803938288,1.807342992,1.58593886,1.599141327,1.615826817,1.646304192,1.683511834,1.809535626,1.663875534,1.582993125,1.765650528,1.739875995,1.734109013,1.757049028,1.637035166,1.724883196,1.653722194,1.640901093,1.610821249,1.756890086,1.698443919,1.597702611,1.732821222,1.722609888
INTL.4418-1-RWA-QBTU.A,        Rwanda,0.001153068,0.001076659,0.001390382,0.00158852,0.00168084,0.001692414,0.001556454,0.001708716,0.001724108,0.001783872,0.00171633,0.001701068,0.00175814,0.001577277,0.001609296,0.001629296,0.0014476,0.00163408,0.00163152,0.001298702,0.001132311,0.000919637,0.000996954,0.001184625,0.000841344,0.000659934,0.000386841,0.000426989,0.000681897,0.000977952,0.001094623,0.001284455,0.001303692,0.001421609,0.00194955,0.002842295,0.003360448,0.003878673
INTL.4418-1-SHN-QBTU.A,        Saint Helena,0,0,0,0,0,0,0,0,0,0,0,0,0,0,0,0,0,0,0,0,0,0,0,0,0,0,0,0,0,0,0,0,0,0,0,0,0,0
INTL.4418-1-KNA-QBTU.A,        Saint Kitts and Nevis,0,0,0,0,0,0,0,0,0,0,0,0,0,0,0,0,0,0,0,0,0,0,0,0,0,0,0,0,0,0,0.000058536,0.00004858,0.000076128,0.000076328,0.00007608,0.000074552,0.000073856,0.000073704
INTL.4418-1-LCA-QBTU.A,        Saint Lucia,0,0,0,0,0,0,0,0,0,0,0,0,0,0,0,0,0,0,0,0,0,0,0,0,0,0,0,0,0,0,0,0,9.52E-07,9.54E-07,0.000001902,0.000009319,0.000009232,0.000009213
INTL.4418-1-SPM-QBTU.A,        Saint Pierre and Miquelon,0,0,0,0,0,0,0,0,0,0,0,0,0,0,0,0,0,0,0,0,0,0,0,0,0,0,0,0,0,0,0.000019512,0.000019432,0.000019032,0.000019082,0,0,0,0
INTL.4418-1-VCT-QBTU.A,        Saint Vincent/Grenadines,0.000176596,0.000177701,0.000188172,0.00018936,0.00022968,0.000271622,0.000292488,0.000322989,0.00036134,0.000375552,0.000249648,0.000135668,0.00020684,0.000237107,0.000216636,0.000216552,0.00021714,0.000214473,0.000224334,0.000224972,0.000255025,0.000196327,0.000223806,0.000212625,0.000270432,0.000259974,0.000228137,0.000217448,0.000226642,0.00022448,0.000253656,0.0002429,0.0002379,0.000229938,0.000233946,0.000242294,0.000249264,0.000257964
INTL.4418-1-WSM-QBTU.A,        Samoa,0.000072716,0.000073171,0.000125448,0.00012624,0.00016704,0.000177599,0.00020892,0.000187542,0.000185832,0.00020864,0.00020804,0.00020872,0.00025855,0.000257725,0.0002579,0.000268112,0.0003102,0.000337029,0.000387486,0.000439718,0.000357035,0.000495984,0.000630726,0.00054675,0.0005008,0.00049995,0.000505869,0.000515945,0.000524233,0.000528992,0.000519019,0.000536323,0.000352092,0.000305312,0.000287202,0.000290753,0.000288038,0.000296659
INTL.4418-1-STP-QBTU.A,        Sao Tome and Principe,0.000072716,0.000073171,0.000083632,0.00006312,0.00008352,0.000083576,0.000073122,0.000083352,0.000082592,0.000083456,0.000083216,0.000083488,0.000082736,0.000082472,0.000082528,0.000082496,0.00008272,0.000081704,0.000071379,0.000092034,0.00010201,0.000041332,0.000061038,0.000070875,0.000060096,0.000039996,0.000079352,0.00009884,0.000078832,0.00006832,0.00004878,0.000058296,0.000057096,0.000057246,0.00005706,0.000074552,0.000064624,0.000064491
INTL.4418-1-SAU-QBTU.A,        Saudi Arabia,0,0,0,0,0,0,0,0,0,0,0,0,0,0,0,0,0,0,0,0,0,0,0,0,0,0,0,0,0,0,0,0,0.000228384,0.000372099,0.00039942,0.001202151,0.001190928,0.00147408
INTL.4418-1-SEN-QBTU.A,        Senegal,0,0,0,0,0,0,0,0,0,0,0.000457688,0.000459184,0.000455048,0.000463905,0.00046422,0.000474352,0.00048598,0.000490224,0.000499653,0.0005113,0.000540653,0.000640646,0.002665326,0.00394875,0.00335536,0.003189681,0.002836834,0.002164596,0.00266058,0.0028304,0.003209724,0.003293724,0.003244956,0.003577875,0.00379449,0.003923299,0.004671392,0.004965807
INTL.4418-1-SRB-QBTU.A,        Serbia,--,--,--,--,--,--,--,--,--,--,--,--,--,--,--,--,--,--,--,--,--,--,--,--,--,--,0.107670745,0.098217308,0.093297672,0.10185536,0.114847632,0.08336328,0.0875472,0.096602625,0.10389675,0.093357742,0.09933632,0.084778026
INTL.4418-1-SYC-QBTU.A,        Seychelles,0,0,0,0,0,0,0,0,0,0,0,0,0,0,0,0,0,0,0,0,0,0,0,0,0,0,0,0,0,0,0,0,0,0.000066787,0.00006657,0.000083871,0.000018464,0.000027639
INTL.4418-1-SLE-QBTU.A,        Sierra Leone,0,0,0,0,0,0,0,0,0,0,0,0,0,0,0,0,0,0,0,0,0.000153015,0.000154995,0.000162768,0.000162,0.000160256,0.000179982,0.000039676,0.000177912,0.00093613,0.00084912,0.001199988,0.0014574,0.001103856,0.000992264,0.00116022,0.001202151,0.001209392,0.00128982
INTL.4418-1-SGP-QBTU.A,        Singapore,0,0,0,0,0,0,0,0,0,0,0.00176834,0.00511364,0.00506758,0.00505141,0.00505484,0.00505288,0.0050666,0.00500437,0.00499653,0.00501074,0.00499849,0.009775018,0.009623658,0.01002375,0.009595328,0.009218203,0.010049537,0.010996241,0.012288386,0.011915171,0.011502324,0.011785508,0.027512946,0.038274935,0.038276462,0.038306468,0.040855949,0.014952699
INTL.4418-1-SVK-QBTU.A,        Slovakia,--,--,--,--,--,--,--,--,--,--,--,--,--,0.035401106,0.044472276,0.049817272,0.0432729,0.041117538,0.043194492,0.04560796,0.046934801,0.05373134,0.054980351,0.036325741,0.041736655,0.04808499,0.049741125,0.051484531,0.051218868,0.054527391,0.065232403,0.051641278,0.055525916,0.062856134,0.062500869,0.062923205,0.069161088,0.061552053
INTL.4418-1-SVN-QBTU.A,        Slovenia,--,--,--,--,--,--,--,--,--,--,--,--,0.034945618,0.030658966,0.034537968,0.032864344,0.03738944,0.031108798,0.0346698,0.03798959,0.039182041,0.039399729,0.034252491,0.0308205,0.041656544,0.035456454,0.036500809,0.033316888,0.042400257,0.047724277,0.046510403,0.037250844,0.041094685,0.048713084,0.062480442,0.040438138,0.046696862,0.040564839
INTL.4418-1-SLB-QBTU.A,        Solomon Islands,0,0,0,0,0,0,0,0,0,0,0,0,0,0,0,0,0,0,0,0,0,0,0,0,0,0,0.000009919,0.000019768,0.000019708,0.00002928,0.000019512,0.000038864,0.000038064,0.000038164,0.00004755,0.000055914,0.000055392,0.000064491
INTL.4418-1-SOM-QBTU.A,        Somalia,0,0,0,0,0,0,0,0,0,0,0,0,0,0,0,0,0,0,0,0,0,0,0,0.00010125,0,0,0,0,0,0,0,0,0.000038064,0.000038164,0.000038991,4.84588E-05,0.000110784,0.000156621
INTL.4418-1-ZAF-QBTU.A,        South Africa,0.010304896,0.017310168,0.010621264,0.0062594,0.0058464,0.006518928,0.016953858,0.016847523,0.032644488,0.028781888,0.01050602,0.02066328,0.007777184,0.001505114,0.011079384,0.005455048,0.01425886,0.022856694,0.018619722,0.009438598,0.01683165,0.024468544,0.027151737,0.011026125,0.012580096,0.016368363,0.03164161,0.011692772,0.014987934,0.025123246,0.03167459,0.031510991,0.018917468,0.018645855,0.037833111,0.063061867,0.082297793,0.098219793
INTL.4418-1-KOR-QBTU.A,        South Korea,0.015987132,0.023592421,0.01630824,0.02390144,0.02065032,0.032939391,0.032152788,0.040894575,0.020307308,0.030607488,0.048244476,0.036025072,0.031729256,0.043174092,0.023995016,0.030771008,0.02901404,0.029290884,0.043857297,0.04320485,0.041671085,0.043791254,0.035176663,0.052049866,0.047391531,0.041215373,0.042099616,0.04914603,0.049318545,0.056585184,0.077563119,0.093854775,0.089178144,0.10939607,0.111346949,0.131700398,0.180434096,0.192625404
INTL.4418-1-SSD-QBTU.A,        South Sudan,--,--,--,--,--,--,--,--,--,--,--,--,--,--,--,--,--,--,--,--,--,--,--,--,--,--,--,--,--,--,--,--,0.000019032,0.000019082,0.00001902,0.000018638,0.000018464,0.000027639
INTL.4418-1-ESP-QBTU.A,        Spain,0.306487552,0.230415479,0.276539662,0.28643856,0.33001884,0.328819325,0.278030736,0.287053869,0.365459276,0.205155712,0.268912504,0.289118944,0.202217126,0.257353876,0.2981324,0.25254088,0.42700064,0.380669149,0.379308006,0.284865682,0.371588149,0.513227428,0.360898279,0.577695042,0.547478553,0.48310256,0.535291269,0.599805067,0.637098629,0.769802102,0.987474713,0.878886413,0.846849609,1.090652432,1.088881965,0.943088689,1.004189281,0.802397022
INTL.4418-1-LKA-QBTU.A,        Sri Lanka,0.015208032,0.016264868,0.016632314,0.01266608,0.02160036,0.02475939,0.027337182,0.022442526,0.02653268,0.028927936,0.032391828,0.03219506,0.029691882,0.038741222,0.041759168,0.045444984,0.03328446,0.034856969,0.039523572,0.042243606,0.032398376,0.03192897,0.02726364,0.033179625,0.029507136,0.034336566,0.038366692,0.038814468,0.04054921,0.03814208,0.055423836,0.045801224,0.032773104,0.06802733,0.04599987,0.05898927,0.042642608,0.041956002
INTL.4418-1-SDN-QBTU.A,        Sudan,0.00514206,0.007724767,0.007986856,0.00803728,0.00783,0.009548558,0.009547644,0.009543804,0.009477432,0.009660032,0.009861096,0.010728208,0.011148676,0.01113372,0.01145076,0.009920144,0.01099142,0.010652159,0.010533501,0.012250748,0.012965471,0.014104545,0.014181162,0.012970125,0.012379776,0.013918608,0.014838824,0.01566614,0.015736838,0.03267648,0.061228656,0.063416332,0.064509835,0.081108468,0.086042391,0.079447447,0.075842225,0.086588194
INTL.4418-1-SUR-QBTU.A,        Suriname,0.009172604,0.008623725,0.010987154,0.00751128,0.00883224,0.010050014,0.007897176,0.003365337,0.00500714,0.011339584,0.012180742,0.014537348,0.014861454,0.01494805,0.015092308,0.013189048,0.01324554,0.013164557,0.013194918,0.013406286,0.00724271,0.007491425,0.007538193,0.007614,0.007652224,0.008209179,0.008550178,0.008520008,0.008504002,0.00842288,0.011689639,0.011381322,0.010590356,0.010533264,0.01116474,0.010400004,0.00978592,0.009774993
INTL.4418-1-SWE-QBTU.A,        Sweden,0.611572724,0.626260136,0.578712532,0.67545764,0.71937864,0.750606503,0.648404112,0.759315882,0.733241452,0.762704384,0.767553178,0.673508132,0.782806664,0.78544271,0.627873024,0.72127284,0.5538104,0.729249052,0.79138917,0.75892259,0.842582198,0.855921742,0.721126302,0.594011788,0.686683047,0.815752289,0.710853082,0.769593181,0.810647927,0.794617228,0.824706655,0.84078662,0.956129816,0.807298845,0.830904633,0.970350569,0.843894368,0.886723611
INTL.4418-1-CHE-QBTU.A,        Switzerland,0.339490228,0.37139509,0.380253796,0.37313388,0.31602924,0.334627857,0.344467296,0.362872932,0.371013588,0.312720064,0.315201404,0.340077932,0.344378258,0.374598133,0.409875312,0.370324544,0.30646726,0.358435448,0.353305656,0.42177137,0.389943426,0.441653086,0.374000172,0.368479125,0.35489442,0.330766805,0.327874275,0.368628053,0.376124522,0.369249428,0.373502905,0.3386806,0.395419779,0.398198201,0.397585857,0.392610466,0.359369042,0.356312775
INTL.4418-1-SYR-QBTU.A,        Syria,0.026323192,0.02749139,0.030619766,0.02918248,0.03436848,0.034569123,0.029572626,0.029496189,0.028783312,0.028625408,0.028095802,0.027728452,0.027033988,0.02649413,0.026058216,0.02562532,0.0261085,0.026288262,0.027256581,0.027538618,0.032969632,0.035225197,0.025015407,0.027975375,0.041726656,0.043145685,0.039070941,0.034356784,0.028310542,0.0183488,0.025355844,0.031897628,0.030812808,0.028651623,0.0223485,0.004118998,0.008798096,0.007176927
INTL.4418-1-TWN-QBTU.A,        Taiwan,0.03017714,0.04986081,0.049740132,0.05225284,0.0460404,0.062065627,0.063396774,0.056825226,0.047758824,0.050219648,0.06948536,0.044530412,0.072518104,0.046689461,0.057367276,0.056623192,0.05744904,0.060501812,0.07168491,0.0634012,0.063480823,0.075027913,0.056714475,0.06004125,0.062139264,0.070372962,0.073648575,0.081236596,0.082349878,0.0772992,0.086360112,0.088930548,0.104191372,0.106242819,0.098164159,0.098977167,0.116886352,0.113669994
INTL.4418-1-TJK-QBTU.A,        Tajikistan,--,--,--,--,--,--,--,--,--,--,--,--,0.163082998,0.174706623,0.170461584,0.1490084,0.15176018,0.138651688,0.142839576,0.156181698,0.140508574,0.145323312,0.152717076,0.163751625,0.162018816,0.167953203,0.164000746,0.167464612,0.163990268,0.15363216,0.158398416,0.155825208,0.159212196,0.1612429,0.1506384,0.15683877,0.152014112,0.156270906
INTL.4418-1-TZA-QBTU.A,        Tanzania,0.010252956,0.010651607,0.010746712,0.01119328,0.01142136,0.011637958,0.011166774,0.012106878,0.012729492,0.014928192,0.015956668,0.017835124,0.016898828,0.017329429,0.015247048,0.015715488,0.01789854,0.014655655,0.020975229,0.021914318,0.021636321,0.026617808,0.027395889,0.0255555,0.023367328,0.01759824,0.014104818,0.024700116,0.025847042,0.02551264,0.026331444,0.019490296,0.016909932,0.016553635,0.02473551,0.019858789,0.022119872,0.021991431
INTL.4418-1-THA-QBTU.A,        Thailand,0.01308888,0.030763179,0.039693838,0.03810344,0.04216716,0.038173338,0.057411216,0.042019827,0.03861176,0.05753248,0.051250654,0.047400312,0.043415716,0.037772176,0.04611252,0.07151372,0.0840642,0.076321749,0.055532862,0.044667168,0.066071877,0.069582422,0.082238532,0.084837375,0.072866598,0.074302444,0.097239263,0.104404779,0.116960373,0.129152007,0.119127807,0.153305516,0.171759185,0.189154346,0.199525876,0.206822091,0.335439109,0.281254464
INTL.4418-1-BHS-QBTU.A,        The Bahamas,0,0,0,0,0,0,0,0,0,0,0,0,0,0,0,0,0,0,0,0,0,0,0,0,0,0,0,0,0,0,0.000004878,5.8296E-06,8.5644E-06,8.5869E-06,0.00001902,0.000018638,0.000018464,0.000018426
INTL.4418-1-TLS-QBTU.A,        Timor-Leste,--,--,--,--,--,--,--,--,--,--,--,--,--,--,--,--,--,--,--,--,--,--,--,0,0,0,0,0,0,0,0,0,0,0,0,0,0,0
INTL.4418-1-TGO-QBTU.A,        Togo,0.000394744,0.000397214,0.000595878,0.00019988,0.00039672,0.000793972,0.000793896,0.000791844,0.000784624,0.00099104,0.00098819,0.002014148,0.001323776,0.00237107,0.001526768,0.00262956,0.0019646,0.000949809,0.001753884,0.002075878,0.001009899,0.00051665,0.000874878,0.001245375,0.000821312,0.000749925,0.000922467,0.0009884,0.000906568,0.00110288,0.000939503,0.00107459,0.000891649,0.000724162,0.00118875,0.000587097,0.001947952,0.001953156
INTL.4418-1-TON-QBTU.A,        Tonga,0,0,0,0,0,0,0,0,0,0,0,0,0,0,0,0,0,0,0,0,0,0,0,0,0,0,0,0,0,0,0,0,0,0,0,0,0,0
INTL.4418-1-TTO-QBTU.A,        Trinidad and Tobago,0.0002597,0.000188154,0.000177718,0.0001578,0.00012528,0.000167152,0.00026115,0.000302151,0.000268424,0.0002608,0.000322462,0.0002609,0.00031026,0.000288652,0.000330112,0.000340296,0.00017578,0.000183834,0.000183546,0.000184068,0.00020402,0.000299657,0.000264498,0.0001215,0.000230368,0.001020273,0.002628542,0.004379032,0.005834091,0.00022448,0.000039024,0.000038864,0.000038064,0.000038164,0.00003804,0.000037276,0.000036928,0.000036852
INTL.4418-1-TUN-QBTU.A,        Tunisia,0.000238924,0.000303137,0.000407706,0.0003156,0.00068904,0.001128276,0.000532746,0.001166928,0.000485228,0.000354688,0.000457688,0.001085344,0.000661888,0.000649467,0.00041264,0.000422792,0.0007238,0.000735336,0.000764775,0.000961244,0.000877286,0.000795641,0.000946089,0.001994625,0.001963136,0.001859814,0.001279551,0.000909328,0.000679926,0.001708,0.00185364,0.001612856,0.00294996,0.004131253,0.00569649,0.005432977,0.005797696,0.005518587
INTL.4418-1-TUR-QBTU.A,        Turkey,0.117259744,0.129753089,0.14436974,0.1170876,0.13790196,0.123546222,0.121946604,0.191334516,0.294326916,0.184291712,0.239214794,0.2355927,0.273225298,0.347877205,0.31370956,0.366014128,0.4170122,0.406426335,0.429681186,0.35346169,0.315639342,0.249975936,0.342942003,0.357139125,0.459714368,0.395770732,0.440726706,0.360435032,0.338858497,0.370503562,0.540318451,0.553720129,0.610212196,0.651474335,0.494403796,0.770465188,0.829450318,0.796657323
INTL.4418-1-TKM-QBTU.A,        Turkmenistan,--,--,--,--,--,--,--,--,--,--,--,--,0.000041368,0.000051545,0.000041264,0.000041248,0.0000517,0.000051065,0.000061182,0.00005113,0.000051005,0.000030999,0.000030519,0.000030375,0.000030048,0.000029997,0.000029757,0.000029652,0.000029562,0.00002928,0.000029268,0.000029148,0.000028548,0.000028623,0.00002853,0.000027957,0.000027696,0.000027639
INTL.4418-1-TCA-QBTU.A,        Turks and Caicos Islands,0,0,0,0,0,0,0,0,0,0,0,0,0,0,0,0,0,0,0,0,0,0,0,0,0,0,0,0,0,0,0,0,0,0,0,0,0,0
INTL.4418-1-TUV-QBTU.A,        Tuvalu,0,0,0,0,0,0,0,0,0,0,0,0,0,0,0,0,0,0,0,0,0,0,0,0,0,0,0,0,0,0,0,0,0,0,0,0,0,0
INTL.4418-1-USIQ-QBTU.A,        U.S. Pacific Islands,0,0,0,0,0,0.000167152,0.00031338,0.00031257,0.00030972,0.00031296,0.00031206,0.00031308,0,0,0,0,0,0,0,0,0,0,0,0,0,0,0,0,0,0,0,0,0,0,0,0,0,0
INTL.4418-1-USOH-QBTU.A,        U.S. Territories,0,0,0,0,0,0,0,0,0,0,0,0,0,0,0,0,0,0,0,0,0,0,0,0,0,0,0,0,0,0,0,0,0,0,0,0,0,0
INTL.4418-1-VIR-QBTU.A,        U.S. Virgin Islands,0,0,0,0,0,0,0,0,0,0,0,0,0,0,0,0,0,0,0,0,0,0,0,0,0,0,0,0.000260099,0.004172986,0,0,0.000009716,0.000009516,0.000038164,0.00014265,0.000270251,0.000267728,0.000128982
INTL.4418-1-UGA-QBTU.A,        Uganda,0.006575604,0.005362389,0.00580197,0.00539676,0.00638928,0.006560716,0.00668544,0.006376428,0.005998244,0.007072896,0.007915922,0.008014848,0.010062766,0.009876022,0.010285052,0.01067292,0.01144638,0.01266412,0.012797235,0.012864308,0.016127781,0.016295141,0.017344965,0.018174375,0.01938096,0.01889811,0.012081342,0.014391104,0.017323332,0.01534272,0.014741316,0.016993284,0.02559804,0.033154975,0.03388413,0.032383525,0.03291208,0.034042035
INTL.4418-1-UKR-QBTU.A,        Ukraine,--,--,--,--,--,--,--,--,--,--,--,--,0.07989195,0.112667061,0.123761052,0.101604136,0.08836564,0.099648241,0.160694523,0.14500468,0.113914567,0.123252024,0.097182669,0.092917125,0.116866688,0.122757723,0.126883848,0.099699908,0.115350924,0.11711024,0.12936456,0.107760156,0.105875016,0.143822124,0.096879448,0.066925521,0.085960818,0.099399057
INTL.4418-1-ARE-QBTU.A,        United Arab Emirates,0,0,0,0,0,0,0,0,0,0,0,0,0,0,0,0,0,0,0,0,0,0,0,0,0,0,0,0,0,0.0000976,0.00019512,0.000330344,0.00033306,0.000964595,0.00293859,0.002832976,0.003351216,0.007342761
INTL.4418-1-GBR-QBTU.A,        United Kingdom,0.040731348,0.045669157,0.047492522,0.04784496,0.04168692,0.042634207,0.049806528,0.065587605,0.064050096,0.06358304,0.060394012,0.055529956,0.066261194,0.059988071,0.07484258,0.07460732,0.06274312,0.075443431,0.093618657,0.103497346,0.106478038,0.124285324,0.141862485,0.13605975,0.162890208,0.194762643,0.212819329,0.22903813,0.24450217,0.272530074,0.281252598,0.369045591,0.424637927,0.543716089,0.65440722,0.825859995,0.832545368,0.952780821
INTL.4418-1-USA-QBTU.A,        United States,5.428342392,5.413688435,5.979637243,6.495612334,6.437863693,6.084016648,6.111140403,5.621807449,5.456754126,6.234657721,6.040024232,6.067785029,5.820556286,6.081908777,5.987141692,6.557308419,7.01088909,7.016810213,6.492734918,6.515588277,6.101667219,5.161772496,5.730901504,5.942466558,6.062670661,6.220812094,6.586243412,6.510366832,7.191546486,7.624931899,8.313761771,9.29954841,8.886018223,9.417903158,9.766517282,9.728764633,10.42287169,11.19592264
INTL.4418-1-URY-QBTU.A,        Uruguay,0.023362612,0.02634156,0.025309134,0.0748498,0.07342452,0.066693648,0.075388782,0.074870934,0.055377936,0.040277952,0.072782794,0.063743088,0.081784536,0.075090756,0.0768542,0.06022208,0.05946534,0.065894276,0.092843685,0.056161192,0.071570216,0.094453953,0.096450213,0.0859005,0.047766304,0.066563343,0.03580759,0.0803075,0.052186784,0.05896992,0.093844258,0.072803921,0.062924516,0.090706292,0.113321163,0.114113886,0.118947632,0.122836929
INTL.4418-1-UZB-QBTU.A,        Uzbekistan,--,--,--,--,--,--,--,--,--,--,--,--,0.064306556,0.075090756,0.073078544,0.063171312,0.0667964,0.058408147,0.0581229,0.057531476,0.059339217,0.060954367,0.062299452,0.076383,0.08934272,0.088371162,0.046153107,0.04556524,0.043781322,0.06263968,0.07912116,0.054856536,0.062672376,0.053897109,0.05721216,0.065233,0.067015088,0.076910124
INTL.4418-1-VUT-QBTU.A,        Vanuatu,0,0,0,0,0,0,0,0,0,0,0,0,0,0,0,0,0,0,0,0,0,0,0,0,0,0,0,0,0,0,0.00004878,4.95516E-05,7.80312E-05,8.77772E-05,0.000097002,0.000121147,0.00009232,8.38383E-05
INTL.4418-1-VEN-QBTU.A,        Venezuela,0.149981944,0.156094649,0.165528636,0.19260016,0.2031624,0.228005775,0.260178522,0.318144165,0.349580964,0.358015808,0.380848426,0.460102368,0.483891838,0.484461146,0.523650476,0.525148912,0.55118404,0.579026035,0.585063072,0.613038474,0.634481798,0.618378385,0.59959662,0.606760875,0.694849984,0.764493543,0.801296496,0.812741552,0.847177942,0.83059552,0.741592584,0.80482486,0.773098872,0.790032964,0.6061674,0.691907793,0.576316832,0.592359048
INTL.4418-1-VNM-QBTU.A,        Vietnam,0.012340944,0.013453011,0.013976998,0.01458072,0.0152424,0.01577497,0.016546464,0.017274702,0.018242508,0.039203456,0.055453062,0.065371104,0.074007352,0.081090594,0.094112868,0.108028512,0.12292192,0.11785802,0.112003848,0.139441736,0.146955606,0.186293657,0.183286941,0.190319625,0.175189856,0.209049093,0.201087887,0.2211545,0.254095244,0.29043808,0.267177816,0.395719512,0.499487232,0.492819012,0.565496934,0.53016595,0.604969465,0.650235114
INTL.4418-1-WAK-QBTU.A,        Wake Island,0,0,0,0,0,0,0,0,0,0,0,0,0,0,0,0,0,0,0,0,0,0,0,0,0,0,0,0,0,0,0,0,0,0,0,0,0,0
INTL.4418-1-ESH-QBTU.A,        Western Sahara,0,0,0,0,0,0,0,0,0,0,0,0,0,0,0,0,0,0,0,0,0,0,0,0,0,0,0,0,0,0,0,0,0,0,0,0,0,0
INTL.4418-1-YEM-QBTU.A,        Yemen,0,0,0,0,0,0,0,0,0,0,0,0,0,0,0,0,0,0,0,0,0,0,0,0,0,0,0,0,0,0,0.000019512,0.000019432,0.000028548,0.000047705,0.0000951,0.001081004,0.00143096,0.001787322
INTL.4418-1-ZMB-QBTU.A,        Zambia,0.09359588,0.101143228,0.103630502,0.1044636,0.10213452,0.102923844,0.10127397,0.087029907,0.085596284,0.069915264,0.080417862,0.08051374,0.079250746,0.079028794,0.079103088,0.080351104,0.07282462,0.079732891,0.076110408,0.07807551,0.078670112,0.081145049,0.08199438,0.083156625,0.084274624,0.088331166,0.095351347,0.094649184,0.093248402,0.09601888,0.101433132,0.111083028,0.117008736,0.126103397,0.13291176,0.120997896,0.101515072,0.11203008
INTL.4418-1-ZWE-QBTU.A,        Zimbabwe,0.041981243,0.043344913,0.038080169,0.039651697,0.036508115,0.032800352,0.033392709,0.026619417,0.028233951,0.035925705,0.039808601,0.037588069,0.030567395,0.018205694,0.016794448,0.018705968,0.02213794,0.021467726,0.018976617,0.02985992,0.032918627,0.030668344,0.038514978,0.053713125,0.054747456,0.048655134,0.052144183,0.052671836,0.05646342,0.0532896,0.05692626,0.051304366,0.052395096,0.048852293,0.053437276,0.048243558,0.029787245,0.037690383